result_type,temperature_K,electron_incomplete_cm3,hole_incomplete_cm3,electron_complete_cm3,intrinsic_boltzmann_analytical_cm3,ionized_donor_fraction,fermi_level_eV,bandgap_eV,scope_notes
NUMERICAL RESULT,40.0,34636493670201.22,1.2220084353288358e-125,999999999999906.5,2.0573396258242416e-56,0.03463649367019248,1.1318712457277316,1.168380473372781,
NUMERICAL RESULT,40.7258082418058,39400506255105.36,4.8194295505334874e-123,999999999999991.8,4.3576350418410214e-55,0.03940050625506701,1.1315266349275492,1.168340721382897,
NUMERICAL RESULT,41.46478642370847,44712362680796.83,1.710788629389001e-120,999999999999984.6,8.746098137470699e-54,0.044712362680779834,1.1311730184211861,1.168299579840866,
NUMERICAL RESULT,42.2171735169846,50619135277332.21,5.476556985000755e-118,1000000000000027.2,1.6649981905724458e-52,0.05061913527733797,1.1308100452699175,1.1682570013266749,
NUMERICAL RESULT,42.98321282909394,57169607662278.26,1.5839703231688354e-115,999999999999714.6,3.009254951922934e-51,0.05716960766227765,1.1304373420295637,1.168212936861699,
NUMERICAL RESULT,43.7631520823602,64413947202294.86,4.146856076889451e-113,1000000000001576.2,5.168357802626301e-50,0.064413947202296,1.1300545111656684,1.1681673358605098,
NUMERICAL RESULT,44.55724349407966,72403296796206.17,9.844976152511822e-111,999999999999984.6,8.442866733750484e-49,0.07240329679621209,1.1296611293985053,1.168120146081344,
NUMERICAL RESULT,45.36574385808344,81189278293260.31,2.123306560436304e-108,1000000000000020.1,1.31298400099657e-47,0.08118927829325916,1.1292567459829863,1.1680713135752026,
NUMERICAL RESULT,46.188914627779674,90823400445191.39,4.1675338125567434e-106,1000000000000005.9,1.945550555974302e-46,0.09082340044568701,1.1288408809308483,1.1680207826335531,
NUMERICAL RESULT,47.02702200070237,101356365280974.53,7.457063121027858e-104,1000000000000119.6,2.7492475761829357e-45,0.10135636528097165,1.1284130231854652,1.1679684957346046,
NUMERICAL RESULT,47.880337004594715,112837268263687.36,1.2184863383788852e-101,1000000000001007.8,3.7080143947258947e-44,0.11283726826369297,1.1279726287628624,1.1679143934881193,
NUMERICAL RESULT,48.749135585054084,125312689664314.66,1.8212428114600037e-99,1000000000002016.8,4.77734535097113e-43,0.12531268966431822,1.1275191188775637,1.1678584145787394,
NUMERICAL RESULT,49.63369869476761,138825677307849.48,2.49418159625359e-97,1000000000001363.0,5.884431724215897e-42,0.13882567730861395,1.1270518780764143,1.1678004957077892,
NUMERICAL RESULT,50.53431238436686,153414624385556.56,3.134792036518979e-95,1000000000000354.1,6.934956857939847e-41,0.153414624370326,1.1265702524109724,1.1677405715335263,
NUMERICAL RESULT,51.45126789493093,169112050312216.7,3.621647407380683e-93,1000000000000062.8,7.826125635019873e-40,0.1691120503122179,1.126073547684203,1.16767857460981,
NUMERICAL RESULT,52.38486175216842,185943298155685.1,3.8521728808992434e-91,1000000000000005.9,8.463501159783744e-39,0.1859432981556798,1.1255610278236017,1.167614435323154,
NUMERICAL RESULT,53.335395862308,203925167920961.1,3.778175927548529e-89,1000000000039433.9,8.777763539102931e-38,0.20392516792098137,1.1250319134293183,1.1675480818281307,
NUMERICAL RESULT,54.30317760972897,223064512748275.28,3.422152558868785e-87,999999999996851.1,8.737210066097553e-37,0.22306451274841319,1.1244853805747623,1.1674794399811013,
NUMERICAL RESULT,55.28851995636365,243356832620966.9,2.8668881462280407e-85,999999999999906.5,8.35286543906636e-36,0.24335683262113808,1.1239205599366993,1.1674084332722294,
NUMERICAL RESULT,56.291741542903,264784909051557.53,2.2246372967211194e-83,999999999999991.8,7.675117858108731e-35,0.26478490905228186,1.1233365363523176,1.1673349827557586,
NUMERICAL RESULT,57.31316679183904,287317533082451.3,1.6013163469729158e-81,1000000000007480.9,6.78311157596927e-34,0.28731753308245744,1.122732348912902,1.1672590069785118,
NUMERICAL RESULT,58.35312601237676,310908387648899.9,1.0707456994231714e-79,1000000000021634.9,5.769912321476763e-33,0.31090838764879164,1.1221069917169075,1.1671804219065858,
NUMERICAL RESULT,59.411955507249665,335495153165039.5,6.660364408696087e-78,999999999995664.5,4.7271832790786336e-32,0.33549515316387857,1.1214594154164024,1.1670991408502094,
NUMERICAL RESULT,60.48999768147372,360998911116507.1,3.859334935396903e-76,1000000000022189.1,3.732673386207198e-31,0.360998911115004,1.1207885296968219,1.1670150743867291,
NUMERICAL RESULT,61.58760115307445,387323923451501.2,2.086023265884888e-74,1000000000000148.0,2.8425494177423754e-30,0.3873239234524204,1.1200932068301597,1.1669281302816976,
NUMERICAL RESULT,62.70512086582322,414357864254106.4,1.0531642787768802e-72,1000000000004667.1,2.0890440998410557e-29,0.4143578642547247,1.1193722864312365,1.1668382134080275,
NUMERICAL RESULT,63.84291820401932,441972573225522.94,4.9729018148739305e-71,999999999961444.8,1.4825686312661497e-28,0.44197257322574907,1.1186245815231757,1.1667452256631812,
NUMERICAL RESULT,65.00136110935465,470025386660311.75,2.1989479764186014e-69,999999999999998.9,1.016671780165251e-27,0.4700253866603485,1.117848885979098,1.166649065884369,
NUMERICAL RESULT,66.18082419989878,498361079738605.56,9.11703108249276e-68,1000000000000013.0,6.740805805498402e-27,0.4983610797386233,1.1170439833473897,1.166549629761719,
NUMERICAL RESULT,67.38168889124348,526814423887437.9,3.5485797092622206e-66,999999999999998.9,4.3238391324176996e-26,0.5268144238874342,1.1162086569891025,1.1664468097493954,
NUMERICAL RESULT,68.604343519845,555213325150006.3,1.29817801034201e-64,999999999975932.8,2.684793131856833e-25,0.5552133251600859,1.1153417013572426,1.1663404949746277,
NUMERICAL RESULT,69.84918346860452,583382465919841.5,4.4688379539759513e-63,1000000000001093.0,1.6146859502924144e-24,0.5833824659198458,1.114441934134801,1.1662305711446292,
NUMERICAL RESULT,71.1166112947275,611147326025145.5,1.4491841431159233e-61,999999999999565.4,9.411288768933291e-24,0.6111473260331963,1.1135082088261317,1.1661169204513704,
NUMERICAL RESULT,72.40703685990289,638338415611719.8,4.431947132028016e-60,999999999998705.6,5.319090388142388e-23,0.6383384156118875,1.1125394272868274,1.1659994214741805,
NUMERICAL RESULT,73.72087746284426,664795515582893.9,1.2795766580906512e-58,999999999999338.0,2.9167015319882536e-22,0.664795515607216,1.1115345515780952,1.1658779490801503,
NUMERICAL RESULT,75.05855797423646,690371700170104.1,3.491264312872414e-57,1000000000018544.0,1.5525579151249943e-21,0.6903717001701188,1.1104926144876175,1.1657523743223088,
NUMERICAL RESULT,76.42051097413051,714936912244544.4,9.011002956913883e-56,999999999999991.8,8.026671716567894e-21,0.7149369122445545,1.1094127280503534,1.1656225643355458,
NUMERICAL RESULT,77.8071768918314,738380882849140.0,2.2021784182695858e-54,999999999999998.9,4.0325673352613735e-20,0.7383808828491453,1.1082940894844289,1.1654883822302564,
NUMERICAL RESULT,79.21900414832479,760615226856201.2,5.100608998982827e-53,999999999999998.9,1.9697391630188795e-19,0.760615226856612,1.1071359840791797,1.165349686983684,
NUMERICAL RESULT,80.65644930128737,781574608388080.2,1.120649620741002e-51,999999999986733.0,9.359127074117107e-19,0.7815746083880635,1.1059377847767107,1.1652063333289324,
NUMERICAL RESULT,82.11997719272908,801216941631195.1,2.337609132151395e-50,999999999999963.2,4.3278896188451144e-18,0.8012169416312749,1.1046989484157541,1.1650581716416315,
NUMERICAL RESULT,83.61006109931378,819522667990107.8,4.633327133827545e-49,1000000000000013.0,1.948686908020183e-17,0.819522667990102,1.1034190088507945,1.164905047824228,
NUMERICAL RESULT,85.12718288540802,836493218528400.6,8.733489526023322e-48,1000000000000013.0,8.547519819508882e-17,0.8364932185284006,1.1020975673807627,1.1647468031878845,
NUMERICAL RESULT,86.67183315890655,852148823247450.0,1.5667592333063001e-46,999999999983997.4,3.6540436595556017e-16,0.85214882324745,1.1007342810946876,1.164583274331965,
NUMERICAL RESULT,88.24451142988538,866525860453505.4,2.6771605925440673e-45,1000000000000062.8,1.5231500909957354e-15,0.86652586045353,1.0993288498461689,1.1644142930210888,
NUMERICAL RESULT,89.84572627213383,879673948664472.5,4.360493760273265e-44,999999999999998.9,6.19360137552286e-15,0.8796739486644662,1.097881002597409,1.1642396860597355,
NUMERICAL RESULT,91.47599548761747,891652972154677.5,6.775036731126233e-43,999999999999991.8,2.4579220966074957e-14,0.8916529721546839,1.0963904838311884,1.164059275164385,
NUMERICAL RESULT,93.13584627392507,902530204056669.0,1.0049006971952346e-41,999999999999984.6,9.523719389260817e-14,0.9025302040566561,1.0948570406302955,1.1638728768331774,
NUMERICAL RESULT,94.82581539475441,912377654045941.4,1.4239237694438747e-40,1000000000000332.8,3.604496499704473e-13,0.9123776540459674,1.0932804108887315,1.163680302213079,
NUMERICAL RESULT,96.5464493534912,921269727222470.4,1.9289252655952177e-39,1000000000001682.8,1.3331063004992985e-12,0.921269727223066,1.0916603129690814,1.1634813569645452,
NUMERICAL RESULT,98.29830456993749,929281242078696.1,2.499878530322445e-38,1000000000001782.2,4.819993697759215e-12,0.929281242079581,1.08999643697464,1.1632758411236654,
NUMERICAL RESULT,100.08194756024744,936485822052844.5,3.101730961023429e-37,1000000000000553.0,1.704377692884608e-11,0.9364858220529843,1.0882884376770832,1.1630635489617858,
NUMERICAL RESULT,101.8979551201276,942954649100644.0,3.687017568069751e-36,1000000000000062.8,5.89652195585676e-11,0.9429546491006574,1.0865359290389902,1.1628442688426,
NUMERICAL RESULT,103.74691451136124,948755549466954.5,4.2017835133081846e-35,1000000000000013.0,1.996671633759608e-10,0.948755549466941,1.0847384801980424,1.1626177830767028,
NUMERICAL RESULT,105.62942365171803,953952370793170.8,4.5938671309624325e-34,1000000000012447.5,6.620105929986981e-10,0.9539523708088014,1.0828956127345448,1.1623838677736056,
NUMERICAL RESULT,107.54609130830845,958604604871284.0,4.821761600336979e-33,999999999998933.0,2.1499815337231764e-09,0.9586046048712771,1.0810067990241308,1.1621422926912068,
NUMERICAL RESULT,109.49753729444777,962767209541550.0,4.8619345619875816e-32,999999999999977.5,6.841904943516696e-09,0.9627672095415772,1.0790714614707928,1.1618928210827224,
NUMERICAL RESULT,111.48439267009145,966490586833598.5,4.712802538695704e-31,1000000000000005.9,2.1342731555633488e-08,0.9664905868335985,1.077088972433922,1.1616352095410765,
NUMERICAL RESULT,113.5072999459082,969820678059804.1,4.3944433401342675e-30,999999999999991.8,6.528432998547418e-08,0.969820678059749,1.0750586546718164,1.1613692078407538,
NUMERICAL RESULT,115.56691329105487,972799142971015.2,3.944279086486847e-29,999999999999700.4,1.9588737118624937e-07,0.9727991429710152,1.0729797821552065,1.1610945587771253,
NUMERICAL RESULT,117.66389874472245,975463595419608.6,3.4099812584548765e-28,1000000000000005.9,5.767562306529739e-07,0.9754635954192135,1.070851581124718,1.1608109980032473,
NUMERICAL RESULT,119.79893443152062,977847873563406.8,2.8414175431937724e-27,1000000000000133.9,1.666915870621013e-06,0.9778478735633997,1.0686732312909266,1.1605182538641514,
NUMERICAL RESULT,121.97271078076948,979982327558826.6,2.283450095009962e-26,1000000000006621.1,4.730588066421939e-06,0.9799823275604281,1.0664438670972585,1.1602160472286327,
NUMERICAL RESULT,124.18593074977139,981894111912364.1,1.7708939602533246e-25,999999999999991.8,1.3186775138227897e-05,0.9818941119136896,1.0641625789847802,1.1599040913185519,
NUMERICAL RESULT,126.4393100511342,983607473176028.8,1.3261898714587762e-24,999999999999991.8,3.611798461130197e-05,0.9836074731760287,1.0618284146138917,1.1595820915356676,
NUMERICAL RESULT,128.7335773842181,985144026546277.4,9.596101777254885e-24,999999999999998.9,9.723145568299027e-05,0.9851440265462774,1.0594403800114134,1.159249745286017,
NUMERICAL RESULT,131.06947467078334,986523017137560.9,6.713053456253023e-23,999999999999998.9,0.00025734926068214225,0.9865230171375539,1.0569974406218319,1.158906741801866,
NUMERICAL RESULT,133.4477572949137,987761563410937.1,4.542948737635911e-22,999999999985269.2,0.0006698907873492622,0.9877615634109441,1.0544985222496208,1.1585527619612483,
NUMERICAL RESULT,135.86919434729253,988874881549811.4,2.975778296013677e-21,1000000000000013.0,0.0017154566752509803,0.9888748815503312,1.0519425118861667,1.1581874781051273,
NUMERICAL RESULT,138.33456887391213,989876490485561.9,1.8878044667152746e-20,999999999999998.9,0.004322923794052832,0.9898764904857236,1.0493282584192494,1.157810553852194,
NUMERICAL RESULT,140.84467812929554,990778397926416.6,1.1605183103991945e-19,999999999999970.4,0.010723155716711898,0.9907783979264307,1.0466545732263586,1.1574216439113425,
NUMERICAL RESULT,143.40033383431384,991591268204510.4,6.917139469973342e-19,999999999999998.9,0.02619013561081403,0.9915912682044681,1.0439202306556994,1.1570203938918486,
NUMERICAL RESULT,146.00236243868002,992324573022733.8,3.999611121474488e-18,1000000000000005.9,0.06300045414202293,0.9923245730053887,1.0411239684001774,1.1566064401112839,
NUMERICAL RESULT,148.6516053882079,992986726220430.6,2.2447036912549863e-17,1000000000000005.9,0.14929970501232565,0.9929867262204376,1.0382644877690468,1.156179409401204,
NUMERICAL RESULT,151.34891939691866,993585204234224.6,1.2234318925432334e-16,1000000000000005.9,0.34865827205787286,0.9935852042187635,1.0353404538685944,1.155738918910645,
NUMERICAL RESULT,154.09517672408592,994126652864220.8,6.47896767180248e-16,999999999982228.1,0.8025666075393806,0.994126652853258,1.0323504956897187,1.1552845759074721,
NUMERICAL RESULT,156.89126545630745,994616982466587.6,3.335485225546156e-15,999999999999991.8,1.8214387650269863,0.9946169824665946,1.029293206119908,1.1548159775776123,
NUMERICAL RESULT,159.73808979469584,995061452112978.1,1.6701583497519266e-14,1000000000000013.0,4.076718447347337,0.9950614521129781,1.0261671418774623,1.1543327108222265,
NUMERICAL RESULT,162.63657034727842,995464744124838.0,8.137972751315206e-14,999999999999998.9,9.000731742994223,0.995464744124831,1.022970823377509,1.153834352052855,
NUMERICAL RESULT,165.58764442670565,995831030068511.8,3.860518614630402e-13,999999999996417.6,19.607500561921206,0.9958310300685046,1.0197027345361185,1.1533204669845865,
NUMERICAL RESULT,168.59226635335855,996164029043411.2,1.7838288348608379e-12,1000000000001846.2,42.15493538374976,0.9961640290434184,1.016361322516102,1.1527906104273016,
NUMERICAL RESULT,171.65140776395836,996467059188484.1,8.032348139264944e-12,999999999999998.9,89.4661969319706,0.9964670591884911,1.0129449974200782,1.1522443260750324,
NUMERICAL RESULT,174.76605792577456,996743083174112.9,3.52625622039319e-11,1000000000000005.9,187.4798619502782,0.9967430831740703,1.009452131935011,1.1516811462934953,
NUMERICAL RESULT,177.93722405653563,996994748376330.2,1.5099546836990063e-10,999999999999998.9,388.0023080500489,0.9969947483764577,1.005881060932124,1.1511005919058457,
NUMERICAL RESULT,181.16593165014254,997224422353538.9,6.309369311984241e-10,1000000000000197.8,793.2227989598697,0.997224422356855,1.0022300810256943,1.1505021719767061,
NUMERICAL RESULT,184.4532248082952,997434224191854.2,2.5737708229010666e-09,1000000000000524.6,1602.2588465235128,0.9974342241974035,0.9984974500940743,1.1498853835945235,
NUMERICAL RESULT,187.80016657813331,997626052182844.0,1.0254211176349382e-08,1000000000000304.4,3198.4567307500492,0.9976260521847082,0.9946813867653512,1.1492497116523075,
NUMERICAL RESULT,191.20783929600626,997801608274028.9,3.9917780938337795e-08,1000000000000055.6,6311.180643643968,0.9978016082741777,0.9907800698702112,1.1485946286268052,
NUMERICAL RESULT,194.6773449374792,997962419718212.9,1.518945990053382e-07,1000000000000005.9,12312.136874262482,0.99796241971822,0.9867916378649303,1.1479195943561686,
NUMERICAL RESULT,198.20980547369172,998109858201068.1,5.652062516153222e-07,999999999999998.9,23751.86353299892,0.998109858195898,0.9827141882255077,1.1472240558161653,
NUMERICAL RESULT,201.8063632341801,998245156741650.5,2.057472359186632e-06,999999999997241.9,45320.064113404624,0.9982451567416505,0.9785457768145717,1.1465074468949936,
NUMERICAL RESULT,205.46818127628563,998369424734527.1,7.329834180858883e-06,999999999999991.8,85545.56245057312,0.9983694247345057,0.9742844172243891,1.145769188166751,
NUMERICAL RESULT,209.19644376126521,998483661177759.5,2.5565542010543506e-05,1000000000000041.5,159772.72121559663,0.9984836611785753,0.9699280800941226,1.145008686663614,
NUMERICAL RESULT,212.99235633722515,998588766476854.1,8.733357019709666e-05,999999999999473.0,295317.01538096333,0.9985887664768968,0.9654746924056933,1.144225335646779,
NUMERICAL RESULT,216.8571465290052,998685552876804.8,0.00029230381536664665,999999999999984.6,540301.3230125062,0.9986855528768047,0.960922136757078,1.1434185143762223,
NUMERICAL RESULT,220.79206413513617,998774753743300.5,0.0009589006859809494,1000000000000013.0,978644.3228022287,0.9987747537433076,0.9562682506150298,1.1425875878793226,
NUMERICAL RESULT,224.79838163200125,998857031797695.2,0.0030842858744117995,1000000000000986.5,1755226.441541696,0.998857031797816,0.9515108255473748,1.1417319067184026,
NUMERICAL RESULT,228.877394585329,998932986437603.6,0.009730399059331214,999999999999998.9,3117723.287706101,0.9989329864433528,0.9466476064357061,1.1408508067572334,
NUMERICAL RESULT,233.03042206915595,999003160282246.4,0.030119804153867513,999999999999998.9,5485465.131572933,0.9990031602822463,0.9416762906696616,1.1399436089265493,
NUMERICAL RESULT,237.25880709238808,999068044920132.1,0.09150963709900711,999999999999991.8,9561693.132884897,0.9990680449201321,0.9365945273209461,1.1390096189886165,
NUMERICAL RESULT,241.56391703310499,999128086138121.9,0.27297306538829197,999999999999991.8,16514834.68559279,0.999128086138129,0.9313999163013453,1.1380481273008938,
NUMERICAL RESULT,245.94714408074293,999183688505318.9,0.7997486222964332,999999999999998.9,28268519.716063105,0.9991836885059294,0.926090007501105,1.1370584085788278,
NUMERICAL RESULT,250.40990568630318,999235219495505.2,2.302013382582243,1000000000001476.8,47961343.55994158,0.9992352194993607,0.9206622999102697,1.1360397216578142,
NUMERICAL RESULT,254.9536450207264,999283013178624.2,6.5120871434232415,999999999999998.9,80669211.50981635,0.9992830131786172,0.9151142407226848,1.1349913092543558,
NUMERICAL RESULT,259.57983144158845,999327373476771.0,18.110292969414004,1000000000000020.1,134530264.39990443,0.9993273734768064,0.9094432244215912,1.1339123977264478,
NUMERICAL RESULT,264.2899609682603,999368577142324.2,49.52860780332856,1000000000000048.5,222481642.30700037,0.9993685771422817,0.9036465918493622,1.1328021968332103,
NUMERICAL RESULT,269.08555676569296,999406876373655.0,133.24232476640708,1000000000000126.8,364918143.5213742,0.9994068763735271,0.8977216292587412,1.1316598994937885,
NUMERICAL RESULT,273.9681696369789,999442501180878.4,352.7048473356506,1000000000000361.2,593728266.76496,0.9994425011805304,0.8916655673472684,1.1304846815455345,
NUMERICAL RESULT,278.9393785248534,999475661503641.6,918.9443188162228,1000000000000915.4,958371151.2343943,0.9994756615027255,0.8854755802742362,1.1292757015014776,
NUMERICAL RESULT,284.0007910222915,999506549111799.9,2357.21192926513,1000000000011317.8,1534952989.2751093,0.9995065491102161,0.8791487846601865,1.1280321003070914,
NUMERICAL RESULT,289.15404389237534,999535339317673.0,5954.709998984563,1000000000006010.0,2439676529.5974464,0.9995353393117499,0.8726822385689491,1.1267530010963493,
NUMERICAL RESULT,294.4008035975897,999562192505019.1,14818.145194938863,1000000000014977.0,3848616352.8756638,0.9995621924903457,0.8660729404716998,1.1254375089470645,
NUMERICAL RESULT,299.74276683872444,999587255521371.8,36334.13753876063,1000000000036321.8,6026574038.633283,0.9995872554850423,0.8593178281935504,1.1240847106354992,
NUMERICAL RESULT,305.18166110355486,999610662923003.6,87808.80376128947,1000000000087772.1,9368867815.576319,0.9996106628351934,0.852413777841806,1.12269367439022,
NUMERICAL RESULT,310.71924522547874,999632538111035.5,209206.79813814608,1000000000209083.1,14461410672.209326,0.9996325379018646,0.8453576027162749,1.1212634496451743,
NUMERICAL RESULT,316.35730995228727,999652994370702.9,491516.7672720672,1000000000491346.2,22166458238.344856,0.9996529938791922,0.8381460522013953,1.1197930667919493,
NUMERICAL RESULT,322.09767852525925,999672135844222.0,1139026.8725776493,1000000001140974.1,33744128381.122993,0.999672134707293,0.8307758106404731,1.118281536931174,
NUMERICAL RESULT,327.9422072687632,999690058501060.5,2604167.952494371,1000000002603356.4,51023418556.676636,0.9996900558968975,0.8232434961933609,1.1167278516230106,
NUMERICAL RESULT,333.89278619055483,999706851150284.4,5875539.565285598,1000000005873814.0,76641239506.74254,0.9997068452747389,0.8155456596785967,1.1151309826366798,
NUMERICAL RESULT,339.95133959297027,999722596742841.9,13084969.553227298,1000000013080742.5,114374276344.1446,0.9997225836578706,0.8076787834071485,1.1134898816989516,
NUMERICAL RESULT,346.1198266952077,999737374234239.0,28770303.998169415,1000000028762811.8,169596691771.3831,0.9997373454640064,0.7996392800166434,1.1118034802415258,
NUMERICAL RESULT,352.4002422669024,999751261737579.1,62468588.46309447,1000000062459137.2,249907307618.69305,0.9997511992642446,0.791423491330163,1.110070689147221,
NUMERICAL RESULT,358.79461727319426,999764342258032.0,133974259.27185228,1000000133942656.8,365983558912.95984,0.9997642082837759,0.7830276872844033,1.1082903984948755,
NUMERICAL RESULT,365.30501953150565,999776714724478.5,283869415.7039654,1000000283805800.2,532736959592.8042,0.9997764308551603,0.7744480650230046,1.106461477302863,
NUMERICAL RESULT,371.9335543802308,999788515184504.9,594356184.3213714,1000000594230106.4,770866953491.328,0.9997879208283456,0.7656807483329608,1.104582773271107,
NUMERICAL RESULT,378.68236535956356,999799957918468.0,1229978548.2393157,1000001229730985.5,1108937926176.258,0.9997987279399136,0.7567217877858113,1.1026531125214787,
NUMERICAL RESULT,385.5536349046756,999811414433529.2,2516290226.516502,1000002515809358.0,1586139099883.514,0.9998088981433011,0.747567162267275,1.1006712993364431,
NUMERICAL RESULT,392.5495850514759,999823563977183.0,5090078175.403028,1000005089154188.5,2255930527103.062,0.9998184738990262,0.7382127832022094,1.0986361158958176,
NUMERICAL RESULT,399.672478155171,999837677401410.6,10182980352.053387,1000010181223750.4,3190832191353.1577,0.9998274944210627,0.7286545039299277,1.0965463220114933,
NUMERICAL RESULT,406.92461762187065,999856146851941.0,20150981848.807125,1000020147677106.5,4488679346718.748,0.9998359958700921,0.7188881387926102,1.0944006548599574,
NUMERICAL RESULT,414.3083486534617,999883463565394.6,39452089785.35441,1000039445936149.1,6280748014686.766,0.9998440114756074,0.7089095003205153,1.0921978287124512,
NUMERICAL RESULT,421.8260590060029,999928003467259.2,76431912238.28348,1000076420569212.4,8742252669858.092,0.999851571555029,0.6987144697426757,1.0899365346625822,
NUMERICAL RESULT,429.48017976187816,1000005252816531.6,146549441391.92688,1000146528740369.5,12105836598488.154,0.9998587033751363,0.6882991281613097,1.087615440351202,
NUMERICAL RESULT,437.2731861159637,1000143571812596.6,278141047622.75824,1000278103639137.4,16678817589548.896,0.9998654307647659,0.6776599968514738,1.085233189688353,
NUMERICAL RESULT,445.20759817605483,1000394377381998.1,522604051275.50214,1000522537109298.1,22865121287502.9,0.9998717733304132,0.6667944713679534,1.0827884025720746,
NUMERICAL RESULT,453.28598177782385,1000849917694350.1,972172656253.7717,1000972054033171.8,31193035866278.695,0.9998777450380786,0.6557015948252197,1.0802796746038492,
NUMERICAL RESULT,461.5109493145587,1001673878847537.9,1790527049614.0627,1001790318931729.2,42350159242418.55,0.999883351794189,0.6443834138613884,1.0777055768004618,
NUMERICAL RESULT,469.88516058196217,1003153223377739.4,3264635899151.449,1003264274534879.5,57227188795948.3,0.999888587478561,0.6328473102018137,1.0750646553020373,
NUMERICAL RESULT,478.4113236382783,1005784088230707.2,5890660556469.774,1005890040074964.2,76972528857571.88,0.9998934276688872,0.6211099024225328,1.0723554310760035,
NUMERICAL RESULT,487.0921956800253,1010409705649290.4,10511885510308.629,1010510833517091.4,103060068758429.47,0.9998978201386742,0.6092033115268707,1.0695763996167305,
NUMERICAL RESULT,495.9305839336214,1018431345144264.9,18529673769463.78,1018527916868462.1,137372920058553.47,0.9999016713748001,0.5971845613768008,1.066726030640574,
NUMERICAL RESULT,504.9293465631864,1032106366226015.9,32201536783001.09,1032198657551964.8,182306401987542.47,0.9999048294429087,0.5851480620365652,1.0638027677760544,"Above 500 K, fixed effective masses limit quantitative accuracy; use this result for qualitative temperature trends."
NUMERICAL RESULT,514.0913935948163,1054915811232892.8,55008744813601.18,1055004139296702.2,240894135682986.16,0.9999070664184,0.5732384518195562,1.0608050282488866,"Above 500 K, fixed effective masses limit quantitative accuracy; use this result for qualitative temperature trends."
NUMERICAL RESULT,523.4196878576304,1091915231231349.8,92007162777027.52,1092000018900660.6,316961757185805.9,0.9999080684588596,0.561655848973481,1.0577312025615666,"Above 500 K, fixed effective masses limit quantitative accuracy; use this result for qualitative temperature trends."
NUMERICAL RESULT,532.917245941893,1149905719232580.5,149998274232857.16,1149987594779965.8,415313493098459.2,0.9999074449997267,0.5506405695769538,1.054579654167219,"Above 500 K, fixed effective masses limit quantitative accuracy; use this result for qualitative temperature trends."
NUMERICAL RESULT,542.5871391745197,1237290593566115.5,237385831505123.38,1237370501383650.2,541957668049478.56,0.9999047620609895,0.5404290043888038,1.0513487191373974,"Above 500 K, fixed effective masses limit quantitative accuracy; use this result for qualitative temperature trends."
NUMERICAL RESULT,552.4324946122871,1363716238229451.8,363816653287901.25,1363795506920394.2,704378136208193.5,0.9998995849415616,0.5311936448122244,1.048036705823519,"Above 500 K, fixed effective masses limit quantitative accuracy; use this result for qualitative temperature trends."
NUMERICAL RESULT,562.456496053061,1539859932292915.5,539968431342498.06,1539940263726361.8,911859656359411.4,0.9998915009498482,0.5230011399108355,1.0446418945116163,"Above 500 K, fixed effective masses limit quantitative accuracy; use this result for qualitative temperature trends."
NUMERICAL RESULT,572.6623850653745,1777672238265865.0,777792132159311.5,1777755641974464.2,1175876367379479.2,0.9998801061065551,0.5158125015516138,1.0411625370700728,"Above 500 K, fixed effective masses limit quantitative accuracy; use this result for qualitative temperature trends."
NUMERICAL RESULT,583.0534620366903,2091048883116123.8,1091183915664313.4,2091137614583045.2,1510553773704728.8,0.9998649674518076,0.5095166462184998,1.0375968565900062,"Above 500 K, fixed effective masses limit quantitative accuracy; use this result for qualitative temperature trends."
NUMERICAL RESULT,593.6330872406817,2496704093620938.0,1496858510940938.5,2496800634238310.0,1933216023205370.8,0.9998455826859404,0.5039710711203897,1.0339430470179607,"Above 500 K, fixed effective masses limit quantitative accuracy; use this result for qualitative temperature trends."
NUMERICAL RESULT,604.4046819238793,3015077473898691.0,2015256124817018.2,3015184555558093.5,2465031756573649.0,0.9998213490741249,0.4990318301973406,1.0301992727805538,"Above 500 K, fixed effective masses limit quantitative accuracy; use this result for qualitative temperature trends."
NUMERICAL RESULT,615.3717294120388,3671242308387827.0,2671450766305776.0,3671362969327940.5,3131773430692093.5,0.9997915420625769,0.4945694084176708,1.02636366840073,"Above 500 K, fixed effective masses limit quantitative accuracy; use this result for qualitative temperature trends."
NUMERICAL RESULT,626.5377762365774,4495857483565144.5,3496102183977947.0,4495995142326032.5,3964706770083897.5,0.9997552995871967,0.49047435011874535,1.022434338105258,"Above 500 K, fixed effective masses limit quantitative accuracy; use this result for qualitative temperature trends."
NUMERICAL RESULT,637.9064332814576,5526218954079913.0,4526507345723977.0,5526377493783971.0,5001628880758418.0,0.9997116083559269,0.4866573061596036,1.018409355423108,"Above 500 K, fixed effective masses limit quantitative accuracy; use this result for qualitative temperature trends."
NUMERICAL RESULT,649.4813769508737,6807457861846779.0,5807798571942685.0,6807641721566067.0,6288075568368607.0,0.9996592898830107,0.48304669791048105,1.0142867627743435,"Above 500 K, fixed effective masses limit quantitative accuracy; use this result for qualitative temperature trends."
NUMERICAL RESULT,661.2663503581323,8393922456732106.0,7394325471500448.0,8394136729294515.0,7878720534815419.0,0.9995969852316021,0.47958571829214897,1.0100645710491511,"Above 500 K, fixed effective masses limit quantitative accuracy; use this result for qualitative temperature trends."
NUMERICAL RESULT,673.2651645361015,1.0350775327847092e+16,9351252189765758.0,1.035102586463996e+16,9838991379743558.0,0.9995231380822484,0.47622944766540587,1.0057407591766345,"Above 500 K, fixed effective masses limit quantitative accuracy; use this result for qualitative temperature trends."
NUMERICAL RESULT,685.481699669628,1.2755835605309678e+16,1.1756399629256836e+16,1.2756129129073328e+16,1.2246929699431218e+16,0.9994359760574227,0.47294236750115576,1.0013132736829937,"Above 500 K, fixed effective masses limit quantitative accuracy; use this result for qualitative temperature trends."
NUMERICAL RESULT,697.9199063503096,1.5701696241288966e+16,1.4702362750936896e+16,1.5702040467993022e+16,1.5195325047106684e+16,0.999333490364298,0.46969632630459124,0.9967800282387073,"Above 500 K, fixed effective masses limit quantitative accuracy; use this result for qualitative temperature trends."
NUMERICAL RESULT,710.5838068540447,1.9298148125583996e+16,1.8298934711735708e+16,1.9298551896421532e+16,1.8794155085492028e+16,0.9992134138705121,0.46646892024627107,0.9921389031943305,"Above 500 K, fixed effective masses limit quantitative accuracy; use this result for qualitative temperature trends."
NUMERICAL RESULT,723.4774964417555,2.367494501033519e+16,2.267587181261789e+16,2.3675418434774428e+16,2.3173366912100564e+16,0.9990731977505146,0.4632422223974814,0.987387745104528,"Above 500 K, fixed effective masses limit quantitative accuracy; use this result for qualitative temperature trends."
NUMERICAL RESULT,736.6051446837174,2.8984945683175092e+16,2.7986035696362868e+16,2.8985500293886148e+16,2.8486037256251864e+16,0.9989099868551053,0.46000179279758335,0.9825243662399463,"Above 500 K, fixed effective masses limit quantitative accuracy; use this result for qualitative temperature trends."
NUMERICAL RESULT,749.9709968079179,3.5407672370313308e+16,3.440895177638943e+16,3.5408321290670548e+16,3.4911952017628828e+16,0.9987205939740873,0.4567359097606687,0.9775465440865432,"Above 500 K, fixed effective masses limit quantitative accuracy; use this result for qualitative temperature trends."
NUMERICAL RESULT,763.5793750728802,4.315332687686772e+16,4.215482540373834e+16,4.3154085001605544e+16,4.266164842131756e+16,0.9985014731839066,0.4534349734235395,0.9724520208319778,"Above 500 K, fixed effective masses limit quantitative accuracy; use this result for qualitative temperature trends."
NUMERICAL RESULT,777.4346801654006,5.246730841897248e+16,5.146905972652805e+16,5.246819260844042e+16,5.1980965883612024e+16,0.9982486925000146,0.4500910425900109,0.9672385028386735,"Above 500 K, fixed effective masses limit quantitative accuracy; use this result for qualitative temperature trends."
NUMERICAL RESULT,791.5413926236438,6.363527941963919e+16,6.263732151360382e+16,6.363630870796926e+16,6.315615449470022e+16,0.9979579060874474,0.44669747446924446,0.9619036601031636,"Above 500 K, fixed effective masses limit quantitative accuracy; use this result for qualitative temperature trends."
NUMERICAL RESULT,805.9040742860615,7.698882767806067e+16,7.59912033517862e+16,7.69900234954002e+16,7.651959280542635e+16,0.9976243263220369,0.4432486437996927,0.9564451257013257,"Above 500 K, fixed effective masses limit quantitative accuracy; use this result for qualitative temperature trends."
NUMERICAL RESULT,820.5273697666046,9.291177522699682e+16,9.191453253099766e+16,9.291316163580218e+16,9.245616933101397e+16,0.9972426960386679,0.43973972326600863,0.9508604952191143,"Above 500 K, fixed effective masses limit quantitative accuracy; use this result for qualitative temperature trends."
NUMERICAL RESULT,835.4160079567012,1.1184718580683976e+17,1.108503785455216e+17,1.1184878975202965e+17,1.1141038482918968e+17,0.9968072613513121,0.4361665113097528,0.9451473261684051,"Above 500 K, fixed effective masses limit quantitative accuracy; use this result for qualitative temperature trends."
NUMERICAL RESULT,850.5748035544877,1.3430512414393586e+17,1.3330881239847813e+17,1.3430697571648926e+17,1.3389423494699085e+17,0.9963117454816588,0.43252529665714595,0.939303137387558,"Above 500 K, fixed effective masses limit quantitative accuracy; use this result for qualitative temperature trends."
NUMERICAL RESULT,866.0086586217925,1.6087122105428768e+17,1.5987547173021754e+17,1.6087335376766083e+17,1.6049593523245267e+17,0.9957493240883775,0.42881275135426045,0.9333254084263123,"Above 500 K, fixed effective masses limit quantitative accuracy; use this result for qualitative temperature trends."
NUMERICAL RESULT,881.7225641693653,1.922160987255489e+17,1.912209861229148e+17,1.922185498039871e+17,1.9188955274686557e+17,0.9951126026465741,0.4250258459866643,0.9272115789146301,"Above 500 K, fixed effective masses limit quantitative accuracy; use this result for qualitative temperature trends."
NUMERICAL RESULT,897.7216017708728,2.2910571027771894e+17,2.281113166812412e+17,2.2910852095528774e+17,2.2884561056296986e+17,0.9943935964859377,0.42116178220355693,0.9209590479151023,"Above 500 K, fixed effective masses limit quantitative accuracy; use this result for qualitative temperature trends."
NUMERICAL RESULT,914.0109452061836,2.7241264677862074e+17,2.7141906306447072e+17,2.7241586260744675e+17,2.722427332672176e+17,0.9935837141548436,0.4172179387715106,0.9145651732585306,"Above 500 K, fixed effective masses limit quantitative accuracy; use this result for qualitative temperature trends."
NUMERICAL RESULT,930.5958621344682,3.2312846320144954e+17,3.2213578945661856e+17,3.2313213436735066e+17,3.230804031736939e+17,0.9926737448352516,0.4131918282307519,0.9080272708623119,"Above 500 K, fixed effective masses limit quantitative accuracy; use this result for qualitative temperature trends."
NUMERICAL RESULT,947.4817157976573,3.823770722628323e+17,3.81385418412247e+17,3.8238125390609216e+17,3.824928982782447e+17,0.9916538505873296,0.40908106187877286,0.9013426140312424,"Above 500 K, fixed effective masses limit quantitative accuracy; use this result for qualitative temperature trends."
NUMERICAL RESULT,964.6739667548142,4.5142925157251206e+17,4.504387380082633e+17,4.514340041112744e+17,4.51764484009892e+17,0.9905135642513734,0.4048833213085292,0.8945084327403647,"Above 500 K, fixed effective masses limit quantitative accuracy; use this result for qualitative temperature trends."
NUMERICAL RESULT,982.1781746479674,5.3171830496189766e+17,5.3072906316802016e+17,5.317236944151149e+17,5.3234593155051245e+17,0.9892417938751165,0.4005963351168303,0.8875219128994913,"Above 500 K, fixed effective masses limit quantitative accuracy; use this result for qualitative temperature trends."
NUMERICAL RESULT,1000.0,6.248569131417455e+17,6.238690863071764e+17,6.248630114483327e+17,6.258724358733097e+17,0.9878268345641213,0.39621785969949364,0.880380195599022,"Above 500 K, fixed effective masses limit quantitative accuracy; use this result for qualitative temperature trends."
