result_type,donor_cm3,fermi_dirac_fermi_level_eV,boltzmann_fermi_level_eV,electron_ratio_fd_mb,hole_ratio_fd_mb,scope_notes
NUMERICAL RESULT,1000000000000000.0,0.8590025387307485,0.8590022159861104,1.0,0.9999875157579261,
NUMERICAL RESULT,1111402986935651.5,0.8617331448381185,0.8617327861387833,1.0,0.9999861249864724,
NUMERICAL RESULT,1235216599369488.0,0.864463754950981,0.8644633562914931,0.9999999999999929,0.999984579281394,
NUMERICAL RESULT,1372823418051741.2,0.8671943695155476,0.867193926444232,1.0,0.9999828613831654,
NUMERICAL RESULT,1525760047357916.0,0.8699249890277365,0.8699244965969901,0.9999999999999928,0.9999809521096783,
NUMERICAL RESULT,1695734273980669.0,0.8726556140387243,0.8726550667497678,1.0,0.9999788301420416,
NUMERICAL RESULT,1884644137151273.8,0.8753862451610533,0.8753856369025619,0.9999999999987423,0.99997647178784,
NUMERICAL RESULT,2094599123340681.0,0.8781168830756391,0.8781162070553153,1.0000000000020606,0.9999738507082437,
NUMERICAL RESULT,2327943722113630.0,0.8808475285390465,0.8808467772081857,0.9999999999999858,0.9999709376470209,
NUMERICAL RESULT,2587283606175186.5,0.8835781823922663,0.8835773473610103,0.9999999999999929,0.9999677000705154,
NUMERICAL RESULT,2875514727952746.0,0.8863088455699417,0.8863079175138417,1.0000000000000069,0.9999641018315859,
NUMERICAL RESULT,3195855657624139.5,0.8890395191108366,0.8890384876666785,1.0,0.9999601027545015,
NUMERICAL RESULT,3551883523698655.0,0.8917702041694358,0.8917690578195193,1.0,0.9999556581885246,
NUMERICAL RESULT,3947573957486212.0,0.8945009020288358,0.8944996279723639,1.0,0.9999507185096501,
NUMERICAL RESULT,4387345487499567.0,0.8972316141150717,0.8972301981252112,1.0,0.999945228566692,
NUMERICAL RESULT,4876108879525671.0,0.8999623420129022,0.8999607682780608,0.9999999999946283,0.9999391270712146,
NUMERICAL RESULT,5419321973328261.0,0.9026930874841965,0.9026913384311464,0.9999999999908055,0.9999323458959192,
NUMERICAL RESULT,6023050628323039.0,0.9054238524862334,0.9054219085837288,1.0000000000013998,0.9999248093208263,
NUMERICAL RESULT,6694036458782878.0,0.9081546391949121,0.908152478736617,1.0000000000000853,0.9999164332337769,
NUMERICAL RESULT,7439772114947442.0,0.910885450028581,0.9108830488894742,1.0000000000074323,0.999907124105644,
NUMERICAL RESULT,8268584950673156.0,0.9136162876741991,0.9136136190425707,0.9999999999907274,0.9998967780474466,
NUMERICAL RESULT,9189730011909286.0,0.916347155119286,0.9163441891951862,1.0000000000008171,0.9998852795143528,
NUMERICAL RESULT,1.0213493384368222e+16,0.9190780556834073,0.9190747593479106,1.0000000000110205,0.9998725001787672,
NUMERICAL RESULT,1.1351307054434358e+16,0.921808993055582,0.9218053295009013,0.9999999999977192,0.999858297418493,
NUMERICAL RESULT,1.2615876565921974e+16,0.9245399713368937,0.9245358996537589,0.9999999999999929,0.9998425126666899,
NUMERICAL RESULT,1.4021322898177172e+16,0.9272709950842708,0.927266469806617,1.0000000000000069,0.9998249697644548,
NUMERICAL RESULT,1.5583340149823356e+16,0.9300020693626136,0.9299970399594754,0.9999999999969518,0.9998054729233118,
NUMERICAL RESULT,1.731937078894794e+16,0.9327331998014721,0.932727610112334,1.0000000000068638,0.9997838045439498,
NUMERICAL RESULT,1.9248800426682812e+16,0.9354643926563218,0.9354581802651925,1.0000000000018616,0.9997597228530505,
NUMERICAL RESULT,2.139317428914352e+16,0.9381956548807434,0.9381887504180514,1.0000000000003055,0.9997329591203309,
NUMERICAL RESULT,2.3776437804989092e+16,0.9409269942023193,0.9409193205708689,1.0000000000015914,0.9997032147320499,
NUMERICAL RESULT,2.6425203995154624e+16,0.9436584192095983,0.9436498907237687,1.0000000000049738,0.9996701578486896,
NUMERICAL RESULT,2.936905065059852e+16,0.9463899394473155,0.9463804608767968,0.999999999993463,0.9996334197291398,
NUMERICAL RESULT,3.2640850616539636e+16,0.9491215655242189,0.9491110310294841,0.9999999999999929,0.9995925905636,
NUMERICAL RESULT,3.627713887134255e+16,0.951853309230257,0.9518416011823873,1.0000000000000924,0.9995472150258234,
NUMERICAL RESULT,4.0318520499089544e+16,0.9545851836685795,0.9545721713352056,1.0,0.9994967871259521,
NUMERICAL RESULT,4.481012411151442e+16,0.9573172034021388,0.9573027414880719,1.0,0.9994407446287423,
NUMERICAL RESULT,4.9802105782494376e+16,0.9600493846157496,0.9600333116409236,1.0,0.9993784628088618,
NUMERICAL RESULT,5.535020912234954e+16,0.9627817452970249,0.9627638817937884,1.0,0.9993092475226664,
NUMERICAL RESULT,6.1516387746092216e+16,0.9655143054371839,0.9654944519468471,0.999999999999993,0.9992323275167814,
NUMERICAL RESULT,6.83694970864986e+16,0.9682470872532114,0.9682250220995012,1.0,0.9991468458894756,
NUMERICAL RESULT,7.598606327722286e+16,0.9709801154377689,0.9709555922523605,1.0,0.9990518506130569,
NUMERICAL RESULT,8.445113769178622e+16,0.9737134174326828,0.9736861624052195,0.999999999999993,0.9989462840153147,
NUMERICAL RESULT,9.38592466807652e+16,0.9764470237361385,0.9764167325580787,1.0,0.998828971107692,
NUMERICAL RESULT,1.0431544711253258e+17,0.9791809682427076,0.9791473027109379,1.000000000000007,0.9986986066361105,Total doping exceeds 1e17 cm^-3: formal ideal-model study only; dopant interactions and band-gap narrowing are omitted.
NUMERICAL RESULT,1.1593649950439669e+17,0.9819152886214354,0.9818778728637975,0.9999999999999928,0.9985537407172788,Total doping exceeds 1e17 cm^-3: formal ideal-model study only; dopant interactions and band-gap narrowing are omitted.
NUMERICAL RESULT,1.2885217184405016e+17,0.9846500267359789,0.9846084430166564,1.0,0.9983927629096844,Total doping exceeds 1e17 cm^-3: formal ideal-model study only; dopant interactions and band-gap narrowing are omitted.
NUMERICAL RESULT,1.432066886606232e+17,0.9873852291114752,0.9873390131695192,1.0000000000001066,0.9982138845529949,Total doping exceeds 1e17 cm^-3: formal ideal-model study only; dopant interactions and band-gap narrowing are omitted.
NUMERICAL RESULT,1.5916034152658054e+17,0.9901209474532766,0.9900695833223697,1.0000000000001066,0.9980151191934147,Total doping exceeds 1e17 cm^-3: formal ideal-model study only; dopant interactions and band-gap narrowing are omitted.
NUMERICAL RESULT,1.7689127897434e+17,0.992857239223465,0.9928001534752342,1.000000000000007,0.9977942608928616,Total doping exceeds 1e17 cm^-3: formal ideal-model study only; dopant interactions and band-gap narrowing are omitted.
NUMERICAL RESULT,1.965974958149475e+17,0.995594168281262,0.9955307236280937,0.9999999999999928,0.9975488602030612,Total doping exceeds 1e17 cm^-3: formal ideal-model study only; dopant interactions and band-gap narrowing are omitted.
NUMERICAL RESULT,2.184990440728019e+17,0.9983318055947575,0.9982612937809631,0.9999999999999147,0.9972761975631605,Total doping exceeds 1e17 cm^-3: formal ideal-model study only; dopant interactions and band-gap narrowing are omitted.
NUMERICAL RESULT,2.4284049022509658e+17,1.0010702300316487,1.0009918639339208,0.9999999999992254,0.996973253856018,Total doping exceeds 1e17 cm^-3: formal ideal-model study only; dopant interactions and band-gap narrowing are omitted.
NUMERICAL RESULT,2.6989364618509024e+17,1.0038095292373819,1.0037224340866713,0.9999999999999929,0.9966366778329024,Total doping exceeds 1e17 cm^-3: formal ideal-model study only; dopant interactions and band-gap narrowing are omitted.
NUMERICAL RESULT,2.9996060452506323e+17,1.0065498006119784,1.0064530042395305,1.0,0.9962627501061652,Total doping exceeds 1e17 cm^-3: formal ideal-model study only; dopant interactions and band-gap narrowing are omitted.
NUMERICAL RESULT,3.3337711183217894e+17,1.0092911523934838,1.0091835743923898,0.9999999999999858,0.9958473433462252,Total doping exceeds 1e17 cm^-3: formal ideal-model study only; dopant interactions and band-gap narrowing are omitted.
NUMERICAL RESULT,3.705163178662644e+17,1.0120337048629573,1.011914144545249,1.000000000000007,0.9953858783399405,Total doping exceeds 1e17 cm^-3: formal ideal-model study only; dopant interactions and band-gap narrowing are omitted.
NUMERICAL RESULT,4.1179294238496557e+17,1.0147775916824426,1.0146447146981081,1.0,0.994873275499061,Total doping exceeds 1e17 cm^-3: formal ideal-model study only; dopant interactions and band-gap narrowing are omitted.
NUMERICAL RESULT,4.576679061656714e+17,1.017522961381265,1.0173752848509676,1.0000000000000069,0.9943039013984711,Total doping exceeds 1e17 cm^-3: formal ideal-model study only; dopant interactions and band-gap narrowing are omitted.
NUMERICAL RESULT,5.086534779371127e+17,1.0202699790068694,1.020105855003827,0.9999999999999928,0.9936715098898445,Total doping exceeds 1e17 cm^-3: formal ideal-model study only; dopant interactions and band-gap narrowing are omitted.
NUMERICAL RESULT,5.6531899469451456e+17,1.0230188279583015,1.0228364251566862,1.0,0.9929691773092847,Total doping exceeds 1e17 cm^-3: formal ideal-model study only; dopant interactions and band-gap narrowing are omitted.
NUMERICAL RESULT,6.282972192749381e+17,1.0257697120221976,1.0255669953097448,0.9999999999856755,0.9921892312863742,Total doping exceeds 1e17 cm^-3: formal ideal-model study only; dopant interactions and band-gap narrowing are omitted.
NUMERICAL RESULT,6.982914061855301e+17,1.0285228576347336,1.0282975654624127,1.0000000000006253,0.9913231725250657,Total doping exceeds 1e17 cm^-3: formal ideal-model study only; dopant interactions and band-gap narrowing are omitted.
NUMERICAL RESULT,7.760831545860945e+17,1.031278516390343,1.0310281356152637,1.0,0.9903615893150499,Total doping exceeds 1e17 cm^-3: formal ideal-model study only; dopant interactions and band-gap narrowing are omitted.
NUMERICAL RESULT,8.625411361174285e+17,1.0340369678309784,1.0337587057681228,1.000000000000014,0.9892940637064689,Total doping exceeds 1e17 cm^-3: formal ideal-model study only; dopant interactions and band-gap narrowing are omitted.
NUMERICAL RESULT,9.586307950357804e+17,1.0367985225391767,1.0364892759209794,1.0000000000000782,0.9881090693157153,Total doping exceeds 1e17 cm^-3: formal ideal-model study only; dopant interactions and band-gap narrowing are omitted.
NUMERICAL RESULT,1.0654251289712646e+18,1.0395635255727396,1.0392198460738387,1.0000000000000355,0.9867938599030678,Total doping exceeds 1e17 cm^-3: formal ideal-model study only; dopant interactions and band-gap narrowing are omitted.
NUMERICAL RESULT,1.1841166706949652e+18,1.0423323602761525,1.0419504162267001,1.0,0.985334348330185,Total doping exceeds 1e17 cm^-3: formal ideal-model study only; dopant interactions and band-gap narrowing are omitted.
NUMERICAL RESULT,1.316030804690673e+18,1.0451054525098036,1.0446809863795599,0.9999999999999858,0.9837149754336572,Total doping exceeds 1e17 cm^-3: formal ideal-model study only; dopant interactions and band-gap narrowing are omitted.
NUMERICAL RESULT,1.4626405672325427e+18,1.0478832753419447,1.047411556532431,0.9999999999995453,0.9819185684570141,Total doping exceeds 1e17 cm^-3: formal ideal-model study only; dopant interactions and band-gap narrowing are omitted.
NUMERICAL RESULT,1.6255830952355036e+18,1.0506663542529546,1.0501421266852766,1.000000000000071,0.9799261888084205,Total doping exceeds 1e17 cm^-3: formal ideal-model study only; dopant interactions and band-gap narrowing are omitted.
NUMERICAL RESULT,1.8066779075568404e+18,1.053455272906655,1.0528726968381377,1.000000000002494,0.9777169690982339,Total doping exceeds 1e17 cm^-3: formal ideal-model study only; dopant interactions and band-gap narrowing are omitted.
NUMERICAL RESULT,2.0079472228893253e+18,1.056250679548394,1.0556032669909974,0.9999999999999929,0.9752679396422804,Total doping exceeds 1e17 cm^-3: formal ideal-model study only; dopant interactions and band-gap narrowing are omitted.
NUMERICAL RESULT,2.2316385411283428e+18,1.0590532940975,1.0583338371438598,0.9999999999999218,0.972553844895323,Total doping exceeds 1e17 cm^-3: formal ideal-model study only; dopant interactions and band-gap narrowing are omitted.
NUMERICAL RESULT,2.4802497403707597e+18,1.0618639160045462,1.06106440729672,1.0000000000000142,0.9695469507950752,Total doping exceeds 1e17 cm^-3: formal ideal-model study only; dopant interactions and band-gap narrowing are omitted.
NUMERICAL RESULT,2.7565569697944366e+18,1.0646834329555417,1.0637949774495756,1.0000000000001634,0.9662168443603061,Total doping exceeds 1e17 cm^-3: formal ideal-model study only; dopant interactions and band-gap narrowing are omitted.
NUMERICAL RESULT,3.0636456498878254e+18,1.0675128305091397,1.066525547602434,1.0000000000000426,0.9625302276719588,Total doping exceeds 1e17 cm^-3: formal ideal-model study only; dopant interactions and band-gap narrowing are omitted.
NUMERICAL RESULT,3.4049449261977446e+18,1.0703532027629405,1.069256117755284,1.0000000000003695,0.9584507091163884,Total doping exceeds 1e17 cm^-3: formal ideal-model study only; dopant interactions and band-gap narrowing are omitted.
NUMERICAL RESULT,3.784265961327565e+18,1.073205764153204,1.0719866879083486,0.9999999999923971,0.9539385958110926,Total doping exceeds 1e17 cm^-3: formal ideal-model study only; dopant interactions and band-gap narrowing are omitted.
NUMERICAL RESULT,4.2058444927783357e+18,1.076071862501702,1.0747172580610118,0.999999999998586,0.9489506922916675,Total doping exceeds 1e17 cm^-3: formal ideal-model study only; dopant interactions and band-gap narrowing are omitted.
NUMERICAL RESULT,4.674388131860702e+18,1.0789529934336615,1.077447828213871,1.0000000000065299,0.9434401122415156,Total doping exceeds 1e17 cm^-3: formal ideal-model study only; dopant interactions and band-gap narrowing are omitted.
NUMERICAL RESULT,5.195128931846545e+18,1.0818508162986353,1.0801783983667304,1.0,0.9373561114921964,Total doping exceeds 1e17 cm^-3: formal ideal-model study only; dopant interactions and band-gap narrowing are omitted.
NUMERICAL RESULT,5.773881812370071e+18,1.084767171743969,1.0829089685195896,1.0,0.93064395290568,Total doping exceeds 1e17 cm^-3: formal ideal-model study only; dopant interactions and band-gap narrowing are omitted.
NUMERICAL RESULT,6.41710949248153e+18,1.0877041010888646,1.085639538672449,1.0,0.9232448162750038,Total doping exceeds 1e17 cm^-3: formal ideal-model study only; dopant interactions and band-gap narrowing are omitted.
NUMERICAL RESULT,7.131994657437095e+18,1.0906638676728366,1.0883701088253082,1.0,0.9150957689095895,Total doping exceeds 1e17 cm^-3: formal ideal-model study only; dopant interactions and band-gap narrowing are omitted.
NUMERICAL RESULT,7.926520165084697e+18,1.0936489803523746,1.0911006789781676,0.9999999999999929,0.9061298161643484,Total doping exceeds 1e17 cm^-3: formal ideal-model study only; dopant interactions and band-gap narrowing are omitted.
NUMERICAL RESULT,8.809558187480805e+18,1.0966622193356919,1.093831249131152,0.9999999999951541,0.8962760546062235,Total doping exceeds 1e17 cm^-3: formal ideal-model study only; dopant interactions and band-gap narrowing are omitted.
NUMERICAL RESULT,9.79096928314951e+18,1.0997066645540534,1.0965618192838655,0.9999999999982522,0.8854599544643963,Total doping exceeds 1e17 cm^-3: formal ideal-model study only; dopant interactions and band-gap narrowing are omitted.
NUMERICAL RESULT,1.0881712506287581e+19,1.1027857267779964,1.099292389436745,0.9999999999998224,0.8736038022538793,Total doping exceeds 1e17 cm^-3: formal ideal-model study only; dopant interactions and band-gap narrowing are omitted.
NUMERICAL RESULT,1.2093967782463052e+19,1.1059031816922953,1.102022959589606,0.999999999999922,0.8606273384460003,Total doping exceeds 1e17 cm^-3: formal ideal-model study only; dopant interactions and band-gap narrowing are omitted.
NUMERICAL RESULT,1.3441271917332974e+19,1.109063207152952,1.1047535297424635,1.0000000000023093,0.8464486292081055,Total doping exceeds 1e17 cm^-3: formal ideal-model study only; dopant interactions and band-gap narrowing are omitted.
NUMERICAL RESULT,1.493866975713816e+19,1.112270423846838,1.1074840998953228,1.0000000000069775,0.8309852144450354,Total doping exceeds 1e17 cm^-3: formal ideal-model study only; dopant interactions and band-gap narrowing are omitted.
NUMERICAL RESULT,1.6602882188928635e+19,1.1155299395775093,1.1102146700481874,0.999999999999794,0.8141555765602405,Total doping exceeds 1e17 cm^-3: formal ideal-model study only; dopant interactions and band-gap narrowing are omitted.
NUMERICAL RESULT,1.845249285651601e+19,1.118847397395096,1.1129452402011104,0.9999999999909334,0.795880974602037,Total doping exceeds 1e17 cm^-3: formal ideal-model study only; dopant interactions and band-gap narrowing are omitted.
NUMERICAL RESULT,2.050815567714067e+19,1.1222290277718476,1.1156758103536872,1.0000000000082636,0.7760876861150917,Total doping exceeds 1e17 cm^-3: formal ideal-model study only; dopant interactions and band-gap narrowing are omitted.
NUMERICAL RESULT,2.2792825476115476e+19,1.125681705012201,1.11840638050676,1.0000000000000995,0.7547096925330741,Total doping exceeds 1e17 cm^-3: formal ideal-model study only; dopant interactions and band-gap narrowing are omitted.
NUMERICAL RESULT,2.5332014314857755e+19,1.129213008061719,1.1211369506596194,1.000000000000412,0.7316918319670344,Total doping exceeds 1e17 cm^-3: formal ideal-model study only; dopant interactions and band-gap narrowing are omitted.
NUMERICAL RESULT,2.815407637462959e+19,1.1328312858356622,1.1238675208124784,1.000000000000881,0.7069934255829343,Total doping exceeds 1e17 cm^-3: formal ideal-model study only; dopant interactions and band-gap narrowing are omitted.
NUMERICAL RESULT,3.129052457717753e+19,1.136545727153073,1.1265980909651152,1.0000000000097984,0.6805923561445957,Total doping exceeds 1e17 cm^-3: formal ideal-model study only; dopant interactions and band-gap narrowing are omitted.
NUMERICAL RESULT,3.477638247785852e+19,1.1403664353015865,1.1293286611182924,0.9999999999962982,0.6524895413874606,Total doping exceeds 1e17 cm^-3: formal ideal-model study only; dopant interactions and band-gap narrowing are omitted.
NUMERICAL RESULT,3.865057536070862e+19,1.1443045071942939,1.1320592312710767,0.9999999999992043,0.6227136970116107,Total doping exceeds 1e17 cm^-3: formal ideal-model study only; dopant interactions and band-gap narrowing are omitted.
NUMERICAL RESULT,4.295636490267305e+19,1.148372117003133,1.134789801423918,1.0000000000042277,0.5913262258698914,Total doping exceeds 1e17 cm^-3: formal ideal-model study only; dopant interactions and band-gap narrowing are omitted.
NUMERICAL RESULT,4.774183226072862e+19,1.1525826040691696,1.137520371576775,1.0000000000003055,0.5584260003629948,Total doping exceeds 1e17 cm^-3: formal ideal-model study only; dopant interactions and band-gap narrowing are omitted.
NUMERICAL RESULT,5.306041497635463e+19,1.1569505648031981,1.140250941729634,1.000000000000007,0.5241537288947031,Total doping exceeds 1e17 cm^-3: formal ideal-model study only; dopant interactions and band-gap narrowing are omitted.
NUMERICAL RESULT,5.897150369276523e+19,1.1614919481911365,1.142981511882405,1.0000000000034106,0.48869551836353464,Total doping exceeds 1e17 cm^-3: formal ideal-model study only; dopant interactions and band-gap narrowing are omitted.
NUMERICAL RESULT,6.554110534822609e+19,1.1662241544447254,1.1457120820353521,1.000000000000007,0.452285171986163,Total doping exceeds 1e17 cm^-3: formal ideal-model study only; dopant interactions and band-gap narrowing are omitted.
NUMERICAL RESULT,7.284258025108268e+19,1.1711661362597712,1.1484426521882098,0.999999999998785,0.4152047076278819,Total doping exceeds 1e17 cm^-3: formal ideal-model study only; dopant interactions and band-gap narrowing are omitted.
NUMERICAL RESULT,8.095746126715319e+19,1.1763385021060995,1.151173222341073,0.9999999999998579,0.3777825612896021,Total doping exceeds 1e17 cm^-3: formal ideal-model study only; dopant interactions and band-gap narrowing are omitted.
NUMERICAL RESULT,8.997636426704137e+19,1.1817636209691267,1.15390379249393,1.000000000000007,0.3403889715376982,Total doping exceeds 1e17 cm^-3: formal ideal-model study only; dopant interactions and band-gap narrowing are omitted.
NUMERICAL RESULT,1e+20,1.1874657280220604,1.1566343626467892,1.0000000000000142,0.3034281420705896,Total doping exceeds 1e17 cm^-3: formal ideal-model study only; dopant interactions and band-gap narrowing are omitted.
