result_type,temperature_K,donor_cm3,complete_ionization_error_percent
NUMERICAL RESULT,40.0,1000000000000.0,52.69725748737106
NUMERICAL RESULT,50.285714285714285,1000000000000.0,3.6805939248140795
NUMERICAL RESULT,60.57142857142857,1000000000000.0,0.48128271625909047
NUMERICAL RESULT,70.85714285714286,1000000000000.0,0.10745089342036884
NUMERICAL RESULT,81.14285714285714,1000000000000.0,0.034055790929454766
NUMERICAL RESULT,91.42857142857143,1000000000000.0,0.013676596710188171
NUMERICAL RESULT,101.71428571428572,1000000000000.0,0.0064927931803904215
NUMERICAL RESULT,112.0,1000000000000.0,0.0034852949855279647
NUMERICAL RESULT,122.28571428571429,1000000000000.0,0.0020533194379668274
NUMERICAL RESULT,132.57142857142858,1000000000000.0,0.0013003822464829895
NUMERICAL RESULT,142.85714285714286,1000000000000.0,0.0008721862887028919
NUMERICAL RESULT,153.14285714285717,1000000000000.0,0.0006127671768885179
NUMERICAL RESULT,163.42857142857144,1000000000000.0,0.00044722270360342264
NUMERICAL RESULT,173.71428571428572,1000000000000.0,0.00033691354115461536
NUMERICAL RESULT,184.0,1000000000000.0,0.0002606806100313719
NUMERICAL RESULT,194.2857142857143,1000000000000.0,0.00020633171018413776
NUMERICAL RESULT,204.57142857142858,1000000000000.0,0.0001665326295752223
NUMERICAL RESULT,214.85714285714286,1000000000000.0,0.0001367019262232816
NUMERICAL RESULT,225.14285714285717,1000000000000.0,0.00011388258958078268
NUMERICAL RESULT,235.42857142857144,1000000000000.0,9.611030620249039e-05
NUMERICAL RESULT,245.71428571428572,1000000000000.0,8.204649430965105e-05
NUMERICAL RESULT,256.0,1000000000000.0,7.075796712996407e-05
NUMERICAL RESULT,266.28571428571433,1000000000000.0,6.158083798446512e-05
NUMERICAL RESULT,276.57142857142856,1000000000000.0,5.403397802528076e-05
NUMERICAL RESULT,286.8571428571429,1000000000000.0,4.77628120387763e-05
NUMERICAL RESULT,297.14285714285717,1000000000000.0,4.250168337271987e-05
NUMERICAL RESULT,307.42857142857144,1000000000000.0,3.8047227723936317e-05
NUMERICAL RESULT,317.7142857142857,1000000000000.0,3.4235966062112766e-05
NUMERICAL RESULT,328.0,1000000000000.0,3.091556430856457e-05
NUMERICAL RESULT,338.28571428571433,1000000000000.0,2.7889547715709284e-05
NUMERICAL RESULT,348.5714285714286,1000000000000.0,2.4823819333441577e-05
NUMERICAL RESULT,358.8571428571429,1000000000000.0,2.1289565088622453e-05
NUMERICAL RESULT,369.14285714285717,1000000000000.0,1.7388459117029242e-05
NUMERICAL RESULT,379.42857142857144,1000000000000.0,1.3991306868632591e-05
NUMERICAL RESULT,389.7142857142857,1000000000000.0,1.1561917956370849e-05
NUMERICAL RESULT,400.0,1000000000000.0,9.920564059129333e-06
NUMERICAL RESULT,40.0,1449740670372.6345,69.01960998727029
NUMERICAL RESULT,50.285714285714285,1449740670372.6345,5.256040555836705
NUMERICAL RESULT,60.57142857142857,1449740670372.6345,0.6962456642617187
NUMERICAL RESULT,70.85714285714286,1449740670372.6345,0.15570089304175472
NUMERICAL RESULT,81.14285714285714,1449740670372.6345,0.049364512651584036
NUMERICAL RESULT,91.42857142857143,1449740670372.6345,0.019826292531810452
NUMERICAL RESULT,101.71428571428572,1449740670372.6345,0.009412591807511639
NUMERICAL RESULT,112.0,1449740670372.6345,0.005052696434071358
NUMERICAL RESULT,122.28571428571429,1449740670372.6345,0.002976753302452728
NUMERICAL RESULT,132.57142857142858,1449740670372.6345,0.0018852067517949322
NUMERICAL RESULT,142.85714285714286,1449740670372.6345,0.0012644401834904784
NUMERICAL RESULT,153.14285714285717,1449740670372.6345,0.0008883485895117005
NUMERICAL RESULT,163.42857142857144,1449740670372.6345,0.0006483551921565578
NUMERICAL RESULT,173.71428571428572,1449740670372.6345,0.0004884369952273815
NUMERICAL RESULT,184.0,1449740670372.6345,0.00037791884894833316
NUMERICAL RESULT,194.2857142857143,1449740670372.6345,0.00029912719530234
NUMERICAL RESULT,204.57142857142858,1449740670372.6345,0.0002414289469898634
NUMERICAL RESULT,214.85714285714286,1449740670372.6345,0.00019818222112277795
NUMERICAL RESULT,225.14285714285717,1449740670372.6345,0.00016510013929327272
NUMERICAL RESULT,235.42857142857144,1449740670372.6345,0.00013933496036955262
NUMERICAL RESULT,245.71428571428572,1449740670372.6345,0.00011894608360485392
NUMERICAL RESULT,256.0,1449740670372.6345,0.00010258067180135555
NUMERICAL RESULT,266.28571428571433,1449740670372.6345,8.927622665577672e-05
NUMERICAL RESULT,276.57142857142856,1449740670372.6345,7.833526052269946e-05
NUMERICAL RESULT,286.8571428571429,1449740670372.6345,6.924382078832281e-05
NUMERICAL RESULT,297.14285714285717,1449740670372.6345,6.161716876729173e-05
NUMERICAL RESULT,307.42857142857144,1449740670372.6345,5.5162226364480205e-05
NUMERICAL RESULT,317.7142857142857,1449740670372.6345,4.964886695102422e-05
NUMERICAL RESULT,328.0,1449740670372.6345,4.4880653971013373e-05
NUMERICAL RESULT,338.28571428571433,1449740670372.6345,4.064789687063808e-05
NUMERICAL RESULT,348.5714285714286,1449740670372.6345,3.6636843558923715e-05
NUMERICAL RESULT,358.8571428571429,1449740670372.6345,3.233603134145113e-05
NUMERICAL RESULT,369.14285714285717,1449740670372.6345,2.7341019936955036e-05
NUMERICAL RESULT,379.42857142857144,1449740670372.6345,2.2233684737749115e-05
NUMERICAL RESULT,389.7142857142857,1449740670372.6345,1.8102028165323247e-05
NUMERICAL RESULT,400.0,1449740670372.6345,1.5203285119724796e-05
NUMERICAL RESULT,40.0,2101748011332.487,89.32764909933977
NUMERICAL RESULT,50.285714285714285,2101748011332.487,7.463380878460435
NUMERICAL RESULT,60.57142857142857,2101748011332.487,1.0062775417941872
NUMERICAL RESULT,70.85714285714286,2101748011332.487,0.22556857658637686
NUMERICAL RESULT,81.14285714285714,2101748011332.487,0.07154987940554136
NUMERICAL RESULT,91.42857142857143,2101748011332.487,0.02874041837463981
NUMERICAL RESULT,101.71428571428572,2101748011332.487,0.01364524021782998
NUMERICAL RESULT,112.0,2101748011332.487,0.007324931006169599
NUMERICAL RESULT,122.28571428571429,2101748011332.487,0.004315462654935764
NUMERICAL RESULT,132.57142857142858,2101748011332.487,0.0027330379150480866
NUMERICAL RESULT,142.85714285714286,2101748011332.487,0.001833100051418235
NUMERICAL RESULT,153.14285714285717,2101748011332.487,0.0012878735801358232
NUMERICAL RESULT,163.42857142857144,2101748011332.487,0.0009399433963608317
NUMERICAL RESULT,173.71428571428572,2101748011332.487,0.0007081054330448922
NUMERICAL RESULT,184.0,2101748011332.487,0.0005478808985381889
NUMERICAL RESULT,194.2857142857143,2101748011332.487,0.0004336562848150649
NUMERICAL RESULT,204.57142857142858,2101748011332.487,0.00035000898752635123
NUMERICAL RESULT,214.85714285714286,2101748011332.487,0.0002873125750646466
NUMERICAL RESULT,225.14285714285717,2101748011332.487,0.00023935221173942978
NUMERICAL RESULT,235.42857142857144,2101748011332.487,0.00020199943557841493
NUMERICAL RESULT,245.71428571428572,2101748011332.487,0.00017244088379442246
NUMERICAL RESULT,256.0,2101748011332.487,0.00014871530755744544
NUMERICAL RESULT,266.28571428571433,2101748011332.487,0.00012942732636744836
NUMERICAL RESULT,276.57142857142856,2101748011332.487,0.00011356579057153482
NUMERICAL RESULT,286.8571428571429,2101748011332.487,0.00010038565243508657
NUMERICAL RESULT,297.14285714285717,2101748011332.487,8.932942361372653e-05
NUMERICAL RESULT,307.42857142857144,2101748011332.487,7.997340214505044e-05
NUMERICAL RESULT,317.7142857142857,2101748011332.487,7.198874383274045e-05
NUMERICAL RESULT,328.0,2101748011332.487,6.510770469425609e-05
NUMERICAL RESULT,338.28571428571433,2101748011332.487,5.908098157370034e-05
NUMERICAL RESULT,348.5714285714286,2101748011332.487,5.360009376342845e-05
NUMERICAL RESULT,358.8571428571429,2101748011332.487,4.8166935195936844e-05
NUMERICAL RESULT,369.14285714285717,2101748011332.487,4.20884788132625e-05
NUMERICAL RESULT,379.42857142857144,2101748011332.487,3.5207699666806036e-05
NUMERICAL RESULT,389.7142857142857,2101748011332.487,2.8692076470271388e-05
NUMERICAL RESULT,400.0,2101748011332.487,2.367213480791719e-05
NUMERICAL RESULT,40.0,3046989570903.511,114.37243424728561
NUMERICAL RESULT,50.285714285714285,3046989570903.511,10.520660784331625
NUMERICAL RESULT,60.57142857142857,3046989570903.511,1.4524262394511211
NUMERICAL RESULT,70.85714285714286,3046989570903.511,0.3266863808587983
NUMERICAL RESULT,81.14285714285714,3046989570903.511,0.10369547003616919
NUMERICAL RESULT,91.42857142857143,3046989570903.511,0.041660779833541106
NUMERICAL RESULT,101.71428571428572,3046989570903.511,0.019780846566397337
NUMERICAL RESULT,112.0,3046989570903.511,0.010618901175796225
NUMERICAL RESULT,122.28571428571429,3046989570903.511,0.006256180593888772
NUMERICAL RESULT,132.57142857142858,3046989570903.511,0.003962147557090567
NUMERICAL RESULT,142.85714285714286,3046989570903.511,0.0026574978851057196
NUMERICAL RESULT,153.14285714285717,3046989570903.511,0.0018670719089453058
NUMERICAL RESULT,163.42857142857144,3046989570903.511,0.0013626713346814867
NUMERICAL RESULT,173.71428571428572,3046989570903.511,0.0010265660223440776
NUMERICAL RESULT,184.0,3046989570903.511,0.0007942868574195572
NUMERICAL RESULT,194.2857142857143,3046989570903.511,0.000628687396031502
NUMERICAL RESULT,204.57142857142858,3046989570903.511,0.0005074216174794088
NUMERICAL RESULT,214.85714285714286,3046989570903.511,0.00041652819424697896
NUMERICAL RESULT,225.14285714285717,3046989570903.511,0.00034699826960693514
NUMERICAL RESULT,235.42857142857144,3046989570903.511,0.00029284653491057355
NUMERICAL RESULT,245.71428571428572,3046989570903.511,0.00024999437171491223
NUMERICAL RESULT,256.0,3046989570903.511,0.00021559848490948497
NUMERICAL RESULT,266.28571428571433,3046989570903.511,0.00018763595390769439
NUMERICAL RESULT,276.57142857142856,3046989570903.511,0.00016464087568834884
NUMERICAL RESULT,286.8571428571429,3046989570903.511,0.00014553316600718347
NUMERICAL RESULT,297.14285714285717,3046989570903.511,0.0001295047994176457
NUMERICAL RESULT,307.42857142857144,3046989570903.511,0.00011594237541157071
NUMERICAL RESULT,317.7142857142857,3046989570903.511,0.00010437241517724516
NUMERICAL RESULT,328.0,3046989570903.511,9.441877164562129e-05
NUMERICAL RESULT,338.28571428571433,3046989570903.511,8.575819610001645e-05
NUMERICAL RESULT,348.5714285714286,3046989570903.511,7.805571042851511e-05
NUMERICAL RESULT,358.8571428571429,3046989570903.511,7.084071913521228e-05
NUMERICAL RESULT,369.14285714285717,3046989570903.511,6.335944515711844e-05
NUMERICAL RESULT,379.42857142857144,3046989570903.511,5.481828015962975e-05
NUMERICAL RESULT,389.7142857142857,3046989570903.511,4.558360702233699e-05
NUMERICAL RESULT,400.0,3046989570903.511,3.738652825102662e-05
NUMERICAL RESULT,40.0,4417344703140.064,145.05172649201978
NUMERICAL RESULT,50.285714285714285,4417344703140.064,14.696884419817424
NUMERICAL RESULT,60.57142857142857,4417344703140.064,2.0924415507646232
NUMERICAL RESULT,70.85714285714286,4417344703140.064,0.47292127646241244
NUMERICAL RESULT,81.14285714285714,4417344703140.064,0.15026165993325957
NUMERICAL RESULT,91.42857142857143,4417344703140.064,0.06038603022084921
NUMERICAL RESULT,101.71428571428572,4417344703140.064,0.028674551761898037
NUMERICAL RESULT,112.0,4417344703140.064,0.015393919559469893
NUMERICAL RESULT,122.28571428571429,4417344703140.064,0.009069584895926575
NUMERICAL RESULT,132.57142857142858,4417344703140.064,0.0057439844590723155
NUMERICAL RESULT,142.85714285714286,4417344703140.064,0.0038526369204650024
NUMERICAL RESULT,153.14285714285717,4417344703140.064,0.0027067471333408477
NUMERICAL RESULT,163.42857142857144,4417344703140.064,0.001975505585871673
NUMERICAL RESULT,173.71428571428572,4417344703140.064,0.0014882475686928132
NUMERICAL RESULT,184.0,4417344703140.064,0.0011515059555433638
NUMERICAL RESULT,194.2857142857143,4417344703140.064,0.0009114320019154576
NUMERICAL RESULT,204.57142857142858,4417344703140.064,0.0007356278938663863
NUMERICAL RESULT,214.85714285714286,4417344703140.064,0.000603856749115117
NUMERICAL RESULT,225.14285714285717,4417344703140.064,0.0005030566944785875
NUMERICAL RESULT,235.42857142857144,4417344703140.064,0.0004245509841238615
NUMERICAL RESULT,245.71428571428572,4417344703140.064,0.0003624268521296159
NUMERICAL RESULT,256.0,4417344703140.064,0.0003125615964938433
NUMERICAL RESULT,266.28571428571433,4417344703140.064,0.0002720232527897437
NUMERICAL RESULT,276.57142857142856,4417344703140.064,0.00023868640710578148
NUMERICAL RESULT,286.8571428571429,4417344703140.064,0.00021098529308094527
NUMERICAL RESULT,297.14285714285717,4417344703140.064,0.0001877485257262279
NUMERICAL RESULT,307.42857142857144,4417344703140.064,0.00016808748444230304
NUMERICAL RESULT,317.7142857142857,4417344703140.064,0.00015131799966372483
NUMERICAL RESULT,328.0,4417344703140.064,0.00013690268252375404
NUMERICAL RESULT,338.28571428571433,4417344703140.064,0.00012440069661057152
NUMERICAL RESULT,348.5714285714286,4417344703140.064,0.00011340646501878382
NUMERICAL RESULT,358.8571428571429,4417344703140.064,0.00010344576417686824
NUMERICAL RESULT,369.14285714285717,4417344703140.064,9.380083618726331e-05
NUMERICAL RESULT,379.42857142857144,4417344703140.064,8.341407278233959e-05
NUMERICAL RESULT,389.7142857142857,4417344703140.064,7.157997150564199e-05
NUMERICAL RESULT,400.0,4417344703140.064,5.943798866425709e-05
NUMERICAL RESULT,40.0,6404004271197.283,182.44632378363352
NUMERICAL RESULT,50.285714285714285,6404004271197.283,20.312228263015975
NUMERICAL RESULT,60.57142857142857,6404004271197.283,3.006577506993402
NUMERICAL RESULT,70.85714285714286,6404004271197.283,0.6841748179180707
NUMERICAL RESULT,81.14285714285714,6404004271197.283,0.21769390317620818
NUMERICAL RESULT,91.42857142857143,6404004271197.283,0.08752036308468103
NUMERICAL RESULT,101.71428571428572,6404004271197.283,0.041565313409241966
NUMERICAL RESULT,112.0,6404004271197.283,0.02231565090242693
NUMERICAL RESULT,122.28571428571429,6404004271197.283,0.013148011349017885
NUMERICAL RESULT,132.57142857142858,6404004271197.283,0.008327075196890021
NUMERICAL RESULT,142.85714285714286,6404004271197.283,0.005585229060467434
NUMERICAL RESULT,153.14285714285717,6404004271197.283,0.003924034408897548
NUMERICAL RESULT,163.42857142857144,6404004271197.283,0.002863945383513311
NUMERICAL RESULT,173.71428571428572,6404004271197.283,0.002157558397608561
NUMERICAL RESULT,184.0,6404004271197.283,0.0016693767586062336
NUMERICAL RESULT,194.2857142857143,6404004271197.283,0.0013213349498997218
NUMERICAL RESULT,204.57142857142858,6404004271197.283,0.0010664660204495746
NUMERICAL RESULT,214.85714285714286,6404004271197.283,0.0008754333520544222
NUMERICAL RESULT,225.14285714285717,6404004271197.283,0.0007293001820229961
NUMERICAL RESULT,235.42857142857144,6404004271197.283,0.0006154876741382154
NUMERICAL RESULT,245.71428571428572,6404004271197.283,0.0005254237583018906
NUMERICAL RESULT,256.0,6404004271197.283,0.0004531326339041186
NUMERICAL RESULT,266.28571428571433,6404004271197.283,0.000394362700983919
NUMERICAL RESULT,276.57142857142856,6404004271197.283,0.00034603303624702875
NUMERICAL RESULT,286.8571428571429,6404004271197.283,0.0003058736658401173
NUMERICAL RESULT,297.14285714285717,6404004271197.283,0.0002721866109167692
NUMERICAL RESULT,307.42857142857144,6404004271197.283,0.00024368390070250712
NUMERICAL RESULT,317.7142857142857,6404004271197.283,0.00021937525407356162
NUMERICAL RESULT,328.0,6404004271197.283,0.00019848736430017055
NUMERICAL RESULT,338.28571428571433,6404004271197.283,0.0001803995541393988
NUMERICAL RESULT,348.5714285714286,6404004271197.283,0.000164581191786084
NUMERICAL RESULT,358.8571428571429,6404004271197.283,0.0001505004653568065
NUMERICAL RESULT,369.14285714285717,6404004271197.283,0.00013746769622624555
NUMERICAL RESULT,379.42857142857144,6404004271197.283,0.00012441762247128452
NUMERICAL RESULT,389.7142857142857,6404004271197.283,0.00010999760544638804
NUMERICAL RESULT,400.0,6404004271197.283,9.386921426823847e-05
NUMERICAL RESULT,40.0,9284145445194.764,227.86151712863315
NUMERICAL RESULT,50.285714285714285,9284145445194.764,27.73603536622826
NUMERICAL RESULT,60.57142857142857,9284145445194.764,4.304519859703393
NUMERICAL RESULT,70.85714285714286,9284145445194.764,0.9888836242311516
NUMERICAL RESULT,81.14285714285714,9284145445194.764,0.31529273022758986
NUMERICAL RESULT,91.42857142857143,9284145445194.764,0.1268320403611467
NUMERICAL RESULT,101.71428571428572,9284145445194.764,0.060247683901049065
NUMERICAL RESULT,112.0,9284145445194.764,0.03234866363426292
NUMERICAL RESULT,122.28571428571429,9284145445194.764,0.019060082473654205
NUMERICAL RESULT,132.57142857142858,9284145445194.764,0.012071646575906314
NUMERICAL RESULT,142.85714285714286,9284145445194.764,0.00809692838312781
NUMERICAL RESULT,153.14285714285717,9284145445194.764,0.005688732761255366
NUMERICAL RESULT,163.42857142857144,9284145445194.764,0.004151924730178003
NUMERICAL RESULT,173.71428571428572,9284145445194.764,0.0031278722686822746
NUMERICAL RESULT,184.0,9284145445194.764,0.0024201459464467945
NUMERICAL RESULT,194.2857142857143,9284145445194.764,0.001915581269518185
NUMERICAL RESULT,204.57142857142858,9284145445194.764,0.001546092102189256
NUMERICAL RESULT,214.85714285714286,9284145445194.764,0.0012691464060576862
NUMERICAL RESULT,225.14285714285717,9284145445194.764,0.0010572927243046593
NUMERICAL RESULT,235.42857142857144,9284145445194.764,0.0008922951239220822
NUMERICAL RESULT,245.71428571428572,9284145445194.764,0.0007617264283998892
NUMERICAL RESULT,256.0,9284145445194.764,0.000656923502417861
NUMERICAL RESULT,266.28571428571433,9284145445194.764,0.0005717226571944067
NUMERICAL RESULT,276.57142857142856,9284145445194.764,0.0005016574106342375
NUMERICAL RESULT,286.8571428571429,9284145445194.764,0.0004434369228700774
NUMERICAL RESULT,297.14285714285717,9284145445194.764,0.00039459966258981183
NUMERICAL RESULT,307.42857142857144,9284145445194.764,0.00035327678649110794
NUMERICAL RESULT,317.7142857142857,9284145445194.764,0.00031803936746399586
NUMERICAL RESULT,328.0,9284145445194.764,0.00028776446165945657
NUMERICAL RESULT,338.28571428571433,9284145445194.764,0.0002615675206874002
NUMERICAL RESULT,348.5714285714286,9284145445194.764,0.00023871859049506838
NUMERICAL RESULT,358.8571428571429,9284145445194.764,0.00021855860348196643
NUMERICAL RESULT,369.14285714285717,9284145445194.764,0.00020036547958568462
NUMERICAL RESULT,379.42857142857144,9284145445194.764,0.00018313114296120148
NUMERICAL RESULT,389.7142857142857,9284145445194.764,0.00016534407825119501
NUMERICAL RESULT,400.0,9284145445194.764,0.00014544644304503862
NUMERICAL RESULT,40.0,13459603241553.643,282.8750939497822
NUMERICAL RESULT,50.285714285714285,13459603241553.643,37.38578727563182
NUMERICAL RESULT,60.57142857142857,13459603241553.643,6.132933086440806
NUMERICAL RESULT,70.85714285714286,13459603241553.643,1.4274268594474115
NUMERICAL RESULT,81.14285714285714,13459603241553.643,0.45645057149872326
NUMERICAL RESULT,91.42857142857143,13459603241553.643,0.18376912393094358
NUMERICAL RESULT,101.71428571428572,13459603241553.643,0.0873199161653293
NUMERICAL RESULT,112.0,13459603241553.643,0.04689036756042597
NUMERICAL RESULT,122.28571428571429,13459603241553.643,0.02762981486132965
NUMERICAL RESULT,132.57142857142858,13459603241553.643,0.017499810301080387
NUMERICAL RESULT,142.85714285714286,13459603241553.643,0.01173802307905536
NUMERICAL RESULT,153.14285714285717,13459603241553.643,0.008246977007808631
NUMERICAL RESULT,163.42857142857144,13459603241553.643,0.006019101670284854
NUMERICAL RESULT,173.71428571428572,13459603241553.643,0.004534538180034353
NUMERICAL RESULT,184.0,13459603241553.643,0.0035085459214601045
NUMERICAL RESULT,194.2857142857143,13459603241553.643,0.0027770734507326367
NUMERICAL RESULT,204.57142857142858,13459603241553.643,0.002241417523696221
NUMERICAL RESULT,214.85714285714286,13459603241553.643,0.0018399228190801864
NUMERICAL RESULT,225.14285714285717,13459603241553.643,0.0015327930989572636
NUMERICAL RESULT,235.42857142857144,13459603241553.643,0.001293591388140669
NUMERICAL RESULT,245.71428571428572,13459603241553.643,0.001104302077181707
NUMERICAL RESULT,256.0,13459603241553.643,0.0009523659677102003
NUMERICAL RESULT,266.28571428571433,13459603241553.643,0.0008288475081386082
NUMERICAL RESULT,276.57142857142856,13459603241553.643,0.00072727155353558
NUMERICAL RESULT,286.8571428571429,13459603241553.643,0.0006428673111624761
NUMERICAL RESULT,297.14285714285717,13459603241553.643,0.0005720662584529634
NUMERICAL RESULT,307.42857142857144,13459603241553.643,0.0005121620950232497
NUMERICAL RESULT,317.7142857142857,13459603241553.643,0.0004610756547895889
NUMERICAL RESULT,328.0,13459603241553.643,0.00041718999295170534
NUMERICAL RESULT,338.28571428571433,13459603241553.643,0.0003792289053450304
NUMERICAL RESULT,348.5714285714286,13459603241553.643,0.0003461617582578569
NUMERICAL RESULT,358.8571428571429,13459603241553.643,0.0003171116156330811
NUMERICAL RESULT,369.14285714285717,13459603241553.643,0.0002912359792439645
NUMERICAL RESULT,379.42857142857144,13459603241553.643,0.000267532557995942
NUMERICAL RESULT,389.7142857142857,13459603241553.643,0.00024454843685628447
NUMERICAL RESULT,400.0,13459603241553.643,0.00022024867005754345
NUMERICAL RESULT,40.0,19512934226359.664,349.3937871372961
NUMERICAL RESULT,50.285714285714285,19512934226359.664,49.730999843976356
NUMERICAL RESULT,60.57142857142857,19512934226359.664,8.682585498233175
NUMERICAL RESULT,70.85714285714286,19512934226359.664,2.056641515726554
NUMERICAL RESULT,81.14285714285714,19512934226359.664,0.6603945939121614
NUMERICAL RESULT,91.42857142857143,19512934226359.664,0.2661986686971485
NUMERICAL RESULT,101.71428571428572,19512934226359.664,0.1265416924575824
NUMERICAL RESULT,112.0,19512934226359.664,0.06796457912556786
NUMERICAL RESULT,122.28571428571429,19512934226359.664,0.04005110419420532
NUMERICAL RESULT,132.57142857142858,19512934226359.664,0.025368194799413324
NUMERICAL RESULT,142.85714285714286,19512934226359.664,0.017016195995300798
NUMERICAL RESULT,153.14285714285717,19512934226359.664,0.011955536610464002
NUMERICAL RESULT,163.42857142857144,19512934226359.664,0.008725903707529348
NUMERICAL RESULT,173.71428571428572,19512934226359.664,0.006573771480566926
NUMERICAL RESULT,184.0,19512934226359.664,0.005086400069909125
NUMERICAL RESULT,194.2857142857143,19512934226359.664,0.004025985046141045
NUMERICAL RESULT,204.57142857142858,19512934226359.664,0.003249441492658711
NUMERICAL RESULT,214.85714285714286,19512934226359.664,0.0026673892014050793
NUMERICAL RESULT,225.14285714285717,19512934226359.664,0.0022221374343045497
NUMERICAL RESULT,235.42857142857144,19512934226359.664,0.0018753613387545442
NUMERICAL RESULT,245.71428571428572,19512934226359.664,0.0016009438606578996
NUMERICAL RESULT,256.0,19512934226359.664,0.001380677895279625
NUMERICAL RESULT,266.28571428571433,19512934226359.664,0.0012016089646627037
NUMERICAL RESULT,276.57142857142856,19512934226359.664,0.0010543517920291734
NUMERICAL RESULT,286.8571428571429,19512934226359.664,0.0009319882811720248
NUMERICAL RESULT,297.14285714285717,19512934226359.664,0.0008293457433916629
NUMERICAL RESULT,307.42857142857144,19512934226359.664,0.000742500743178276
NUMERICAL RESULT,317.7142857142857,19512934226359.664,0.0006684400234435728
NUMERICAL RESULT,328.0,19512934226359.664,0.0006048210680065225
NUMERICAL RESULT,338.28571428571433,19512934226359.664,0.0005497977938473397
NUMERICAL RESULT,348.5714285714286,19512934226359.664,0.000501900817506673
NUMERICAL RESULT,358.8571428571429,19512934226359.664,0.0004599080124068067
NUMERICAL RESULT,369.14285714285717,19512934226359.664,0.0004227452461424974
NUMERICAL RESULT,379.42857142857144,19512934226359.664,0.00038930907246825797
NUMERICAL RESULT,389.7142857142857,19512934226359.664,0.000358198771177598
NUMERICAL RESULT,400.0,19512934226359.664,0.00032737401032267854
NUMERICAL RESULT,40.0,28288694346259.664,429.7204034546022
NUMERICAL RESULT,50.285714285714285,28288694346259.664,65.30469137954151
NUMERICAL RESULT,60.57142857142857,28288694346259.664,12.193593893667853
NUMERICAL RESULT,70.85714285714286,28288694346259.664,2.955566635310536
NUMERICAL RESULT,81.14285714285714,28288694346259.664,0.9546114301779429
NUMERICAL RESULT,91.42857142857143,28288694346259.664,0.3854607978308833
NUMERICAL RESULT,101.71428571428572,28288694346259.664,0.18334871631024985
NUMERICAL RESULT,112.0,28288694346259.664,0.09850100359674041
NUMERICAL RESULT,122.28571428571429,28288694346259.664,0.058053288618165055
NUMERICAL RESULT,132.57142857142858,28288694346259.664,0.036773128504985486
NUMERICAL RESULT,142.85714285714286,28288694346259.664,0.02466719149676333
NUMERICAL RESULT,153.14285714285717,28288694346259.664,0.01733150196721045
NUMERICAL RESULT,163.42857142857144,28288694346259.664,0.012649804614994764
NUMERICAL RESULT,173.71428571428572,28288694346259.664,0.009529985393341711
NUMERICAL RESULT,184.0,28288694346259.664,0.007373794613907414
NUMERICAL RESULT,194.2857142857143,28288694346259.664,0.005836529397984513
NUMERICAL RESULT,204.57142857142858,28288694346259.664,0.004710779636596385
NUMERICAL RESULT,214.85714285714286,28288694346259.664,0.0038669771127652908
NUMERICAL RESULT,225.14285714285717,28288694346259.664,0.0032214913639139198
NUMERICAL RESULT,235.42857142857144,28288694346259.664,0.0027187651052473782
NUMERICAL RESULT,245.71428571428572,28288694346259.664,0.0023209370370702587
NUMERICAL RESULT,256.0,28288694346259.664,0.002001612747215553
NUMERICAL RESULT,266.28571428571433,28288694346259.664,0.001742013081984517
NUMERICAL RESULT,276.57142857142856,28288694346259.664,0.0015285296746103683
NUMERICAL RESULT,286.8571428571429,28288694346259.664,0.0013511358127660245
NUMERICAL RESULT,297.14285714285717,28288694346259.664,0.0012023318898268798
NUMERICAL RESULT,307.42857142857144,28288694346259.664,0.0010764303216337368
NUMERICAL RESULT,317.7142857142857,28288694346259.664,0.0009690625853098211
NUMERICAL RESULT,328.0,28288694346259.664,0.0008768341776654864
NUMERICAL RESULT,338.28571428571433,28288694346259.664,0.0007970762107012419
NUMERICAL RESULT,348.5714285714286,28288694346259.664,0.0007276636633468669
NUMERICAL RESULT,358.8571428571429,28288694346259.664,0.0006668697351663866
NUMERICAL RESULT,369.14285714285717,28288694346259.664,0.0006132368804978583
NUMERICAL RESULT,379.42857142857144,28288694346259.664,0.0005654180147418586
NUMERICAL RESULT,389.7142857142857,28288694346259.664,0.0005219453058424861
NUMERICAL RESULT,400.0,28288694346259.664,0.0004808730847738474
NUMERICAL RESULT,40.0,41011270705513.05,526.6341866612906
NUMERICAL RESULT,50.285714285714285,41011270705513.05,84.72273070193084
NUMERICAL RESULT,60.57142857142857,41011270705513.05,16.9575271434365
NUMERICAL RESULT,70.85714285714286,41011270705513.05,4.232325340024934
NUMERICAL RESULT,81.14285714285714,41011270705513.05,1.3781585900921822
NUMERICAL RESULT,91.42857142857143,41011270705513.05,0.5578606600020297
NUMERICAL RESULT,101.71428571428572,41011270705513.05,0.2655902779111097
NUMERICAL RESULT,112.0,41011270705513.05,0.14273792925985074
NUMERICAL RESULT,122.28571428571429,41011270705513.05,0.08414033427310841
NUMERICAL RESULT,132.57142857142858,41011270705513.05,0.05330272126209401
NUMERICAL RESULT,142.85714285714286,41011270705513.05,0.035757083569265546
NUMERICAL RESULT,153.14285714285717,41011270705513.05,0.02512423700713473
NUMERICAL RESULT,163.42857142857144,41011270705513.05,0.018337900517884087
NUMERICAL RESULT,173.71428571428572,41011270705513.05,0.013815419152862773
NUMERICAL RESULT,184.0,41011270705513.05,0.010689739349367677
NUMERICAL RESULT,194.2857142857143,41011270705513.05,0.008461235151813185
NUMERICAL RESULT,204.57142857142858,41011270705513.05,0.0068292660589497345
NUMERICAL RESULT,214.85714285714286,41011270705513.05,0.005606017766024429
NUMERICAL RESULT,225.14285714285717,41011270705513.05,0.0046702605309034695
NUMERICAL RESULT,235.42857142857144,41011270705513.05,0.003941457055867126
NUMERICAL RESULT,245.71428571428572,41011270705513.05,0.0033647224179755852
NUMERICAL RESULT,256.0,41011270705513.05,0.002901793869858338
NUMERICAL RESULT,266.28571428571433,41011270705513.05,0.0025254479088410164
NUMERICAL RESULT,276.57142857142856,41011270705513.05,0.002215956796769447
NUMERICAL RESULT,286.8571428571429,41011270705513.05,0.001958784972444505
NUMERICAL RESULT,297.14285714285717,41011270705513.05,0.0017430603223012042
NUMERICAL RESULT,307.42857142857144,41011270705513.05,0.001560537492339975
NUMERICAL RESULT,317.7142857142857,41011270705513.05,0.001404884046984911
NUMERICAL RESULT,328.0,41011270705513.05,0.0012711795298159245
NUMERICAL RESULT,338.28571428571433,41011270705513.05,0.0011555577812627504
NUMERICAL RESULT,348.5714285714286,41011270705513.05,0.0010549468608012091
NUMERICAL RESULT,358.8571428571429,41011270705513.05,0.0009668711828059173
NUMERICAL RESULT,369.14285714285717,41011270705513.05,0.0008892859312492618
NUMERICAL RESULT,379.42857142857144,41011270705513.05,0.0008204179834381264
NUMERICAL RESULT,389.7142857142857,41011270705513.05,0.0007585542921129118
NUMERICAL RESULT,400.0,41011270705513.05,0.0007017298362610447
NUMERICAL RESULT,40.0,59455707085443.82,643.4873655086844
NUMERICAL RESULT,50.285714285714285,59455707085443.82,108.709728506996
NUMERICAL RESULT,60.57142857142857,59455707085443.82,23.316376137887907
NUMERICAL RESULT,70.85714285714286,59455707085443.82,6.031662241988411
NUMERICAL RESULT,81.14285714285714,59455707085443.82,1.9860663988542138
NUMERICAL RESULT,91.42857142857143,59455707085443.82,0.8067575245725545
NUMERICAL RESULT,101.71428571428572,59455707085443.82,0.38458106986265506
NUMERICAL RESULT,112.0,59455707085443.82,0.2068008955813161
NUMERICAL RESULT,122.28571428571429,59455707085443.82,0.12193572448377932
NUMERICAL RESULT,132.57142857142858,59455707085443.82,0.07725668718308043
NUMERICAL RESULT,142.85714285714286,59455707085443.82,0.05183020610592948
NUMERICAL RESULT,153.14285714285717,59455707085443.82,0.0364195395100797
NUMERICAL RESULT,163.42857142857144,59455707085443.82,0.026583023921222804
NUMERICAL RESULT,173.71428571428572,59455707085443.82,0.020027541598177656
NUMERICAL RESULT,184.0,59455707085443.82,0.015496612503529406
NUMERICAL RESULT,194.2857142857143,59455707085443.82,0.012266135420468949
NUMERICAL RESULT,204.57142857142858,59455707085443.82,0.009900364493975466
NUMERICAL RESULT,214.85714285714286,59455707085443.82,0.008127070029728678
NUMERICAL RESULT,225.14285714285717,59455707085443.82,0.006770526918842279
NUMERICAL RESULT,235.42857142857144,59455707085443.82,0.005713992239830823
NUMERICAL RESULT,245.71428571428572,59455707085443.82,0.004877902642519416
NUMERICAL RESULT,256.0,59455707085443.82,0.0042067949223234535
NUMERICAL RESULT,266.28571428571433,59455707085443.82,0.003661203970306559
NUMERICAL RESULT,276.57142857142856,59455707085443.82,0.003212531398233409
NUMERICAL RESULT,286.8571428571429,59455707085443.82,0.002839706096424699
NUMERICAL RESULT,297.14285714285717,59455707085443.82,0.0025269662203619703
NUMERICAL RESULT,307.42857142857144,59455707085443.82,0.002262359380789114
NUMERICAL RESULT,317.7142857142857,59455707085443.82,0.0020367055624248565
NUMERICAL RESULT,328.0,59455707085443.82,0.0018428719280816352
NUMERICAL RESULT,338.28571428571433,59455707085443.82,0.001675256286159943
NUMERICAL RESULT,348.5714285714286,59455707085443.82,0.0015294110047969767
NUMERICAL RESULT,358.8571428571429,59455707085443.82,0.00140176504606071
NUMERICAL RESULT,369.14285714285717,59455707085443.82,0.0012894043533329125
NUMERICAL RESULT,379.42857142857144,59455707085443.82,0.001189881083152322
NUMERICAL RESULT,389.7142857142857,59455707085443.82,0.0011010080755768925
NUMERICAL RESULT,400.0,59455707085443.82,0.001020584216959719
NUMERICAL RESULT,40.0,86195356647530.33,784.3213376525956
NUMERICAL RESULT,50.285714285714285,86195356647530.33,138.12998233336296
NUMERICAL RESULT,60.57142857142857,86195356647530.33,31.660493590214077
NUMERICAL RESULT,70.85714285714286,86195356647530.33,8.54212074875984
NUMERICAL RESULT,81.14285714285714,86195356647530.33,2.854964116778924
NUMERICAL RESULT,91.42857142857143,86195356647530.33,1.1654446277565178
NUMERICAL RESULT,101.71428571428572,86195356647530.33,0.5565900351348629
NUMERICAL RESULT,112.0,86195356647530.33,0.2995309233989829
NUMERICAL RESULT,122.28571428571429,86195356647530.33,0.1766788034309963
NUMERICAL RESULT,132.57142857142858,86195356647530.33,0.11196346031505655
NUMERICAL RESULT,142.85714285714286,86195356647530.33,0.07512294590961144
NUMERICAL RESULT,153.14285714285717,86195356647530.33,0.05279029478575392
NUMERICAL RESULT,163.42857142857144,86195356647530.33,0.038533919100181
NUMERICAL RESULT,173.71428571428572,86195356647530.33,0.029032150240992927
NUMERICAL RESULT,184.0,86195356647530.33,0.022464519942166916
NUMERICAL RESULT,194.2857142857143,86195356647530.33,0.017781746328981995
NUMERICAL RESULT,204.57142857142858,86195356647530.33,0.014352330415889902
NUMERICAL RESULT,214.85714285714286,86195356647530.33,0.011781719958925407
NUMERICAL RESULT,225.14285714285717,86195356647530.33,0.009815214352992818
NUMERICAL RESULT,235.42857142857144,86195356647530.33,0.008283596578739783
NUMERICAL RESULT,245.71428571428572,86195356647530.33,0.007071542352821147
NUMERICAL RESULT,256.0,86195356647530.33,0.006098648901420312
NUMERICAL RESULT,266.28571428571433,86195356647530.33,0.005307711029711726
NUMERICAL RESULT,276.57142857142856,86195356647530.33,0.004657271895336379
NUMERICAL RESULT,286.8571428571429,86195356647530.33,0.004116786079433332
NUMERICAL RESULT,297.14285714285717,86195356647530.33,0.003663405984166701
NUMERICAL RESULT,307.42857142857144,86195356647530.33,0.0032798021327939963
NUMERICAL RESULT,317.7142857142857,86195356647530.33,0.0029526689012238094
NUMERICAL RESULT,328.0,86195356647530.33,0.0026716660620040855
NUMERICAL RESULT,338.28571428571433,86195356647530.33,0.0024286732440259584
NUMERICAL RESULT,348.5714285714286,86195356647530.33,0.0022172475660386937
NUMERICAL RESULT,358.8571428571429,86195356647530.33,0.0020322241165882104
NUMERICAL RESULT,369.14285714285717,86195356647530.33,0.0018694126797447197
NUMERICAL RESULT,379.42857142857144,86195356647530.33,0.0017253501378711178
NUMERICAL RESULT,389.7142857142857,86195356647530.33,0.001597073285597439
NUMERICAL RESULT,400.0,86195356647530.33,0.0014818576873132372
NUMERICAL RESULT,40.0,124960914129198.92,954.006579478973
NUMERICAL RESULT,50.285714285714285,124960914129198.92,174.02286122711774
NUMERICAL RESULT,60.57142857142857,124960914129198.92,42.42927040637945
NUMERICAL RESULT,70.85714285714286,124960914129198.92,12.001412190331994
NUMERICAL RESULT,81.14285714285714,124960914129198.92,4.0898669253975894
NUMERICAL RESULT,91.42857142857143,124960914129198.92,1.6810299032713916
NUMERICAL RESULT,101.71428571428572,124960914129198.92,0.8049253129646328
NUMERICAL RESULT,112.0,124960914129198.92,0.433663131544626
NUMERICAL RESULT,122.28571428571429,124960914129198.92,0.255936429793846
NUMERICAL RESULT,132.57142857142858,124960914129198.92,0.1622367771012101
NUMERICAL RESULT,142.85714285714286,124960914129198.92,0.10887223406803592
NUMERICAL RESULT,153.14285714285717,124960914129198.92,0.07651419454570707
NUMERICAL RESULT,163.42857142857144,124960914129198.92,0.05585458632491047
NUMERICAL RESULT,173.71428571428572,124960914129198.92,0.04208364317479507
NUMERICAL RESULT,184.0,124960914129198.92,0.03256447271542395
NUMERICAL RESULT,194.2857142857143,124960914129198.92,0.02577688485441154
NUMERICAL RESULT,204.57142857142858,124960914129198.92,0.020805832455650375
NUMERICAL RESULT,214.85714285714286,124960914129198.92,0.017079547777587578
NUMERICAL RESULT,225.14285714285717,124960914129198.92,0.014228898040835603
NUMERICAL RESULT,235.42857142857144,124960914129198.92,0.012008627966042518
NUMERICAL RESULT,245.71428571428572,124960914129198.92,0.01025158277445648
NUMERICAL RESULT,256.0,124960914129198.92,0.00884122241617824
NUMERICAL RESULT,266.28571428571433,124960914129198.92,0.007694625341270189
NUMERICAL RESULT,276.57142857142856,124960914129198.92,0.006751698858353805
NUMERICAL RESULT,286.8571428571429,124960914129198.92,0.00596816481064355
NUMERICAL RESULT,297.14285714285717,124960914129198.92,0.005310903090016694
NUMERICAL RESULT,307.42857142857144,124960914129198.92,0.004754794703476506
NUMERICAL RESULT,317.7142857142857,124960914129198.92,0.0042805494215425455
NUMERICAL RESULT,328.0,124960914129198.92,0.0038731787690426955
NUMERICAL RESULT,338.28571428571433,124960914129198.92,0.0035209119572332526
NUMERICAL RESULT,348.5714285714286,124960914129198.92,0.0032144119505250757
NUMERICAL RESULT,358.8571428571429,124960914129198.92,0.0029462001581936903
NUMERICAL RESULT,369.14285714285717,124960914129198.92,0.002710225064928018
NUMERICAL RESULT,379.42857142857144,124960914129198.92,0.0025015265084027405
NUMERICAL RESULT,389.7142857142857,124960914129198.92,0.002315951790610171
NUMERICAL RESULT,400.0,124960914129198.92,0.0021498803980390946
NUMERICAL RESULT,40.0,181160919420041.3,1158.4111647279383
NUMERICAL RESULT,50.285714285714285,181160919420041.3,217.64309950795905
NUMERICAL RESULT,60.57142857142857,181160919420041.3,56.11815816463488
NUMERICAL RESULT,70.85714285714286,181160919420041.3,16.69868503396179
NUMERICAL RESULT,81.14285714285714,181160919420041.3,5.831686981581874
NUMERICAL RESULT,91.42857142857143,181160919420041.3,2.41949542845481
NUMERICAL RESULT,101.71428571428572,181160919420041.3,1.162808759249323
NUMERICAL RESULT,112.0,181160919420041.3,0.6274899998873762
NUMERICAL RESULT,122.28571428571429,181160919420041.3,0.37061849749822073
NUMERICAL RESULT,132.57142857142858,181160919420041.3,0.2350310016519419
NUMERICAL RESULT,142.85714285714286,181160919420041.3,0.15775980066330408
NUMERICAL RESULT,153.14285714285717,181160919420041.3,0.11088786624413594
NUMERICAL RESULT,163.42857142857144,181160919420041.3,0.0809544989177402
NUMERICAL RESULT,173.71428571428572,181160919420041.3,0.06099893328661565
NUMERICAL RESULT,184.0,181160919420041.3,0.04720320172846293
NUMERICAL RESULT,194.2857142857143,181160919420041.3,0.03736551869095717
NUMERICAL RESULT,204.57142857142858,181160919420041.3,0.03016027927096321
NUMERICAL RESULT,214.85714285714286,181160919420041.3,0.0247590425699995
NUMERICAL RESULT,225.14285714285717,181160919420041.3,0.02062691491220292
NUMERICAL RESULT,235.42857142857144,181160919420041.3,0.017408473950042413
NUMERICAL RESULT,245.71428571428572,181160919420041.3,0.014861465304449872
NUMERICAL RESULT,256.0,181160919420041.3,0.012816982862862147
NUMERICAL RESULT,266.28571428571433,181160919420041.3,0.011154834699000915
NUMERICAL RESULT,276.57142857142856,181160919420041.3,0.009787922891568712
NUMERICAL RESULT,286.8571428571429,181160919420041.3,0.00865206643376748
NUMERICAL RESULT,297.14285714285717,181160919420041.3,0.007699253475812462
NUMERICAL RESULT,307.42857142857144,181160919420041.3,0.006893076568026402
NUMERICAL RESULT,317.7142857142857,181160919420041.3,0.00620557126864707
NUMERICAL RESULT,328.0,181160919420041.3,0.0056150109200237
NUMERICAL RESULT,338.28571428571433,181160919420041.3,0.005104333234862146
NUMERICAL RESULT,348.5714285714286,181160919420041.3,0.004660005085477259
NUMERICAL RESULT,358.8571428571429,181160919420041.3,0.004271191208427005
NUMERICAL RESULT,369.14285714285717,181160919420041.3,0.003929135228131209
NUMERICAL RESULT,379.42857142857144,181160919420041.3,0.0036266875325541292
NUMERICAL RESULT,389.7142857142857,181160919420041.3,0.0033579281426776575
NUMERICAL RESULT,400.0,181160919420041.3,0.0031178369861883937
NUMERICAL RESULT,40.0,262636352765333.53,1404.6037452229255
NUMERICAL RESULT,50.285714285714285,262636352765333.53,270.5072948101721
NUMERICAL RESULT,60.57142857142857,262636352765333.53,73.29368244915474
NUMERICAL RESULT,70.85714285714286,262636352765333.53,22.973616553022993
NUMERICAL RESULT,81.14285714285714,262636352765333.53,8.264506016480343
NUMERICAL RESULT,91.42857142857143,262636352765333.53,3.4719820535084267
NUMERICAL RESULT,101.71428571428572,262636352765333.53,1.6772503029304886
NUMERICAL RESULT,112.0,262636352765333.53,0.9071802949681462
NUMERICAL RESULT,122.28571428571429,262636352765333.53,0.5364167053739655
NUMERICAL RESULT,132.57142857142858,262636352765333.53,0.34037744023758254
NUMERICAL RESULT,142.85714285714286,262636352765333.53,0.2285499684436587
NUMERICAL RESULT,153.14285714285717,262636352765333.53,0.16067918352766775
NUMERICAL RESULT,163.42857142857144,262636352765333.53,0.11732069525365318
NUMERICAL RESULT,173.71428571428572,262636352765333.53,0.08840862053698384
NUMERICAL RESULT,184.0,262636352765333.53,0.0684180381056887
NUMERICAL RESULT,194.2857142857143,262636352765333.53,0.05416132429953979
NUMERICAL RESULT,204.57142857142858,262636352765333.53,0.043718735479214565
NUMERICAL RESULT,214.85714285714286,262636352765333.53,0.035890256785253705
NUMERICAL RESULT,225.14285714285717,262636352765333.53,0.029900951760275518
NUMERICAL RESULT,235.42857142857144,262636352765333.53,0.025235834751713426
NUMERICAL RESULT,245.71428571428572,262636352765333.53,0.02154386080333026
NUMERICAL RESULT,256.0,262636352765333.53,0.018580252043776113
NUMERICAL RESULT,266.28571428571433,262636352765333.53,0.0161708268902494
NUMERICAL RESULT,276.57142857142856,262636352765333.53,0.014189340912174053
NUMERICAL RESULT,286.8571428571429,262636352765333.53,0.01254277699185291
NUMERICAL RESULT,297.14285714285717,262636352765333.53,0.011161545998827904
NUMERICAL RESULT,307.42857142857144,262636352765333.53,0.009992873523168022
NUMERICAL RESULT,317.7142857142857,262636352765333.53,0.00899622653762755
NUMERICAL RESULT,328.0,262636352765333.53,0.008140111740573275
NUMERICAL RESULT,338.28571428571433,262636352765333.53,0.00739979716195549
NUMERICAL RESULT,348.5714285714286,262636352765333.53,0.006755667810964816
NUMERICAL RESULT,358.8571428571429,262636352765333.53,0.006192019557293982
NUMERICAL RESULT,369.14285714285717,262636352765333.53,0.005696170465996353
NUMERICAL RESULT,379.42857142857144,262636352765333.53,0.0052577861628932965
NUMERICAL RESULT,389.7142857142857,262636352765333.53,0.004868352991538316
NUMERICAL RESULT,400.0,262636352765333.53,0.004520752314141063
NUMERICAL RESULT,40.0,380754602122236.8,1701.0980313448504
NUMERICAL RESULT,50.285714285714285,380754602122236.8,334.448428708561
NUMERICAL RESULT,60.57142857142857,380754602122236.8,94.61586868791589
NUMERICAL RESULT,70.85714285714286,380754602122236.8,31.214328252569157
NUMERICAL RESULT,81.14285714285714,380754602122236.8,11.621186828239626
NUMERICAL RESULT,91.42857142857143,380754602122236.8,4.962056901772982
NUMERICAL RESULT,101.71428571428572,380754602122236.8,2.414100553324694
NUMERICAL RESULT,112.0,380754602122236.8,1.3099557416963892
NUMERICAL RESULT,122.28571428571429,380754602122236.8,0.7758220136787175
NUMERICAL RESULT,132.57142857142858,380754602122236.8,0.4927134411316647
NUMERICAL RESULT,142.85714285714286,380754602122236.8,0.3310013206530016
NUMERICAL RESULT,153.14285714285717,380754602122236.8,0.23277652891728895
NUMERICAL RESULT,163.42857142857144,380754602122236.8,0.16999576352565438
NUMERICAL RESULT,173.71428571428572,380754602122236.8,0.12811916990915773
NUMERICAL RESULT,184.0,380754602122236.8,0.09915825589366101
NUMERICAL RESULT,194.2857142857143,380754602122236.8,0.07850099995629911
NUMERICAL RESULT,204.57142857142858,380754602122236.8,0.06336854811650472
NUMERICAL RESULT,214.85714285714286,380754602122236.8,0.05202330122053844
NUMERICAL RESULT,225.14285714285717,380754602122236.8,0.0433428997081764
NUMERICAL RESULT,235.42857142857144,380754602122236.8,0.036581344093211676
NUMERICAL RESULT,245.71428571428572,380754602122236.8,0.031230048937880284
NUMERICAL RESULT,256.0,380754602122236.8,0.026934348438545364
NUMERICAL RESULT,266.28571428571433,380754602122236.8,0.023441841267035635
NUMERICAL RESULT,276.57142857142856,380754602122236.8,0.020569587859320393
NUMERICAL RESULT,286.8571428571429,380754602122236.8,0.018182777213060497
NUMERICAL RESULT,297.14285714285717,380754602122236.8,0.016180559368383918
NUMERICAL RESULT,307.42857142857144,380754602122236.8,0.014486444868100357
NUMERICAL RESULT,317.7142857142857,380754602122236.8,0.013041685095482869
NUMERICAL RESULT,328.0,380754602122236.8,0.011800634592651349
NUMERICAL RESULT,338.28571428571433,380754602122236.8,0.010727444011782161
NUMERICAL RESULT,348.5714285714286,380754602122236.8,0.00979368216695864
NUMERICAL RESULT,358.8571428571429,380754602122236.8,0.00897659092633507
NUMERICAL RESULT,369.14285714285717,380754602122236.8,0.008257794807997598
NUMERICAL RESULT,379.42857142857144,380754602122236.8,0.0076223312050816006
NUMERICAL RESULT,389.7142857142857,380754602122236.8,0.007057907566676569
NUMERICAL RESULT,400.0,380754602122236.8,0.006554314502804637
NUMERICAL RESULT,40.0,551995432128157.3,2058.1472351031753
NUMERICAL RESULT,50.285714285714285,551995432128157.3,411.680578497566
NUMERICAL RESULT,60.57142857142857,551995432128157.3,120.86650023103194
NUMERICAL RESULT,70.85714285714286,551995432128157.3,41.85784700843917
NUMERICAL RESULT,81.14285714285714,551995432128157.3,16.185976101661947
NUMERICAL RESULT,91.42857142857143,551995432128157.3,7.053252865652415
NUMERICAL RESULT,101.71428571428572,551995432128157.3,3.4643297748308655
NUMERICAL RESULT,112.0,551995432128157.3,1.8883328933577914
NUMERICAL RESULT,122.28571428571429,551995432128157.3,1.1209114258729835
NUMERICAL RESULT,132.57142857142858,551995432128157.3,0.7127512184660123
NUMERICAL RESULT,142.85714285714286,551995432128157.3,0.47916158870329184
NUMERICAL RESULT,153.14285714285717,551995432128157.3,0.33711663695918936
NUMERICAL RESULT,163.42857142857144,551995432128157.3,0.24626357596597703
NUMERICAL RESULT,173.71428571428572,551995432128157.3,0.18563383672489664
NUMERICAL RESULT,184.0,551995432128157.3,0.1436904693522978
NUMERICAL RESULT,194.2857142857143,551995432128157.3,0.11376646934992962
NUMERICAL RESULT,204.57142857142858,551995432128157.3,0.09184217542068662
NUMERICAL RESULT,214.85714285714286,551995432128157.3,0.075402941741598
NUMERICAL RESULT,225.14285714285717,551995432128157.3,0.06282393743270998
NUMERICAL RESULT,235.42857142857144,551995432128157.3,0.05302490940302107
NUMERICAL RESULT,245.71428571428572,551995432128157.3,0.0452692504648855
NUMERICAL RESULT,256.0,551995432128157.3,0.03904319977452442
NUMERICAL RESULT,266.28571428571433,551995432128157.3,0.033981097359947476
NUMERICAL RESULT,276.57142857142856,551995432128157.3,0.029817883033356196
NUMERICAL RESULT,286.8571428571429,551995432128157.3,0.02635821736174382
NUMERICAL RESULT,297.14285714285717,551995432128157.3,0.023455959599960607
NUMERICAL RESULT,307.42857142857144,551995432128157.3,0.021000264092840837
NUMERICAL RESULT,317.7142857142857,551995432128157.3,0.018905990569106912
NUMERICAL RESULT,328.0,551995432128157.3,0.01710698526056209
NUMERICAL RESULT,338.28571428571433,551995432128157.3,0.015551290643056603
NUMERICAL RESULT,348.5714285714286,551995432128157.3,0.01419770036830137
NUMERICAL RESULT,358.8571428571429,551995432128157.3,0.01301323125872944
NUMERICAL RESULT,369.14285714285717,551995432128157.3,0.011971254089715444
NUMERICAL RESULT,379.42857142857144,551995432128157.3,0.011050094630871143
NUMERICAL RESULT,389.7142857142857,551995432128157.3,0.010231967610518922
NUMERICAL RESULT,400.0,551995432128157.3,0.009502150301576862
NUMERICAL RESULT,40.0,800250227816103.6,2488.0986675494273
NUMERICAL RESULT,50.285714285714285,800250227816103.6,504.87630716025205
NUMERICAL RESULT,60.57142857142857,800250227816103.6,152.98202889546934
NUMERICAL RESULT,70.85714285714286,800250227816103.6,55.39677817240418
NUMERICAL RESULT,81.14285714285714,800250227816103.6,22.29385633587837
NUMERICAL RESULT,91.42857142857143,800250227816103.6,9.955635526864626
NUMERICAL RESULT,101.71428571428572,800250227816103.6,4.951293717809846
NUMERICAL RESULT,112.0,800250227816103.6,2.715580328152045
NUMERICAL RESULT,122.28571428571429,800250227816103.6,1.617114492030125
NUMERICAL RESULT,132.57142857142858,800250227816103.6,1.0300696757489236
NUMERICAL RESULT,142.85714285714286,800250227816103.6,0.6931899705436839
NUMERICAL RESULT,153.14285714285717,800250227816103.6,0.4880019688610737
NUMERICAL RESULT,163.42857142857144,800250227816103.6,0.3566284316301349
NUMERICAL RESULT,173.71428571428572,800250227816103.6,0.26889932380944614
NUMERICAL RESULT,184.0,800250227816103.6,0.20818119222891784
NUMERICAL RESULT,194.2857142857143,800250227816103.6,0.16484874277507
NUMERICAL RESULT,204.57142857142858,800250227816103.6,0.13309321646779448
NUMERICAL RESULT,214.85714285714286,800250227816103.6,0.10927827858435712
NUMERICAL RESULT,225.14285714285717,800250227816103.6,0.09105316444397715
NUMERICAL RESULT,235.42857142857144,800250227816103.6,0.07685440545108779
NUMERICAL RESULT,245.71428571428572,800250227816103.6,0.06561560265951893
NUMERICAL RESULT,256.0,800250227816103.6,0.056592809405153766
NUMERICAL RESULT,266.28571428571433,800250227816103.6,0.04925643976132488
NUMERICAL RESULT,276.57142857142856,800250227816103.6,0.04322255678164133
NUMERICAL RESULT,286.8571428571429,800250227816103.6,0.03820817992647996
NUMERICAL RESULT,297.14285714285717,800250227816103.6,0.03400158061563907
NUMERICAL RESULT,307.42857142857144,800250227816103.6,0.030442153796439442
NUMERICAL RESULT,317.7142857142857,800250227816103.6,0.027406533514851006
NUMERICAL RESULT,328.0,800250227816103.6,0.024798851182317172
NUMERICAL RESULT,338.28571428571433,800250227816103.6,0.022543820612241916
NUMERICAL RESULT,348.5714285714286,800250227816103.6,0.020581722005830194
NUMERICAL RESULT,358.8571428571429,800250227816103.6,0.018864755929848265
NUMERICAL RESULT,369.14285714285717,800250227816103.6,0.017354332276897644
NUMERICAL RESULT,379.42857142857144,800250227816103.6,0.016019047218418514
NUMERICAL RESULT,389.7142857142857,800250227816103.6,0.01483314465842156
NUMERICAL RESULT,400.0,800250227816103.6,0.013775341871258284
NUMERICAL RESULT,40.0,1160155301739971.5,3005.8207554714113
NUMERICAL RESULT,50.285714285714285,1160155301739971.5,617.2595929018509
NUMERICAL RESULT,60.57142857142857,1160155301739971.5,192.0910132746245
NUMERICAL RESULT,70.85714285714286,1160155301739971.5,72.39395104115745
NUMERICAL RESULT,81.14285714285714,1160155301739971.5,30.32843890965271
NUMERICAL RESULT,91.42857142857143,1160155301739971.5,13.929912906689745
NUMERICAL RESULT,101.71428571428572,1160155301739971.5,7.038279593366625
NUMERICAL RESULT,112.0,1160155301739971.5,3.8923661538044163
NUMERICAL RESULT,122.28571428571429,1160155301739971.5,2.3281451982626766
NUMERICAL RESULT,132.57142857142858,1160155301739971.5,1.4866378696239968
NUMERICAL RESULT,142.85714285714286,1160155301739971.5,1.0018876917323505
NUMERICAL RESULT,153.14285714285717,1160155301739971.5,0.7059537477631883
NUMERICAL RESULT,163.42857142857144,1160155301739971.5,0.5162036632333278
NUMERICAL RESULT,173.71428571428572,1160155301739971.5,0.3893704143781873
NUMERICAL RESULT,184.0,1160155301739971.5,0.3015306573079357
NUMERICAL RESULT,194.2857142857143,1160155301739971.5,0.2388136316193501
NUMERICAL RESULT,204.57142857142858,1160155301739971.5,0.19283712626152472
NUMERICAL RESULT,214.85714285714286,1160155301739971.5,0.15834871833644293
NUMERICAL RESULT,225.14285714285717,1160155301739971.5,0.13195046906879782
NUMERICAL RESULT,235.42857142857144,1160155301739971.5,0.1113812491549071
NUMERICAL RESULT,245.71428571428572,1160155301739971.5,0.09509816344313027
NUMERICAL RESULT,256.0,1160155301739971.5,0.08202451558050328
NUMERICAL RESULT,266.28571428571433,1160155301739971.5,0.0713936493695222
NUMERICAL RESULT,276.57142857142856,1160155301739971.5,0.06264965043234483
NUMERICAL RESULT,286.8571428571429,1160155301739971.5,0.055382710396623125
NUMERICAL RESULT,297.14285714285717,1160155301739971.5,0.04928616817838627
NUMERICAL RESULT,307.42857142857144,1160155301739971.5,0.044127382435243945
NUMERICAL RESULT,317.7142857142857,1160155301739971.5,0.039727634411912405
NUMERICAL RESULT,328.0,1160155301739971.5,0.035948036405342165
NUMERICAL RESULT,338.28571428571433,1160155301739971.5,0.032679504623689404
NUMERICAL RESULT,348.5714285714286,1160155301739971.5,0.029835507428499497
NUMERICAL RESULT,358.8571428571429,1160155301739971.5,0.02734678162459314
NUMERICAL RESULT,369.14285714285717,1160155301739971.5,0.02515741037563135
NUMERICAL RESULT,379.42857142857144,1160155301739971.5,0.023221890520930266
NUMERICAL RESULT,389.7142857142857,1160155301739971.5,0.02150291397287063
NUMERICAL RESULT,400.0,1160155301739971.5,0.01996966661197419
NUMERICAL RESULT,40.0,1681924324880872.2,3629.2172555784014
NUMERICAL RESULT,50.285714285714285,1681924324880872.2,752.7176392723545
NUMERICAL RESULT,60.57142857142857,1681924324880872.2,239.55696013474395
NUMERICAL RESULT,70.85714285714286,1681924324880872.2,93.50454537530824
NUMERICAL RESULT,81.14285714285714,1681924324880872.2,40.722016792600904
NUMERICAL RESULT,91.42857142857143,1681924324880872.2,19.288197123256978
NUMERICAL RESULT,101.71428571428572,1681924324880872.2,9.935091386045025
NUMERICAL RESULT,112.0,1681924324880872.2,5.554223645225309
NUMERICAL RESULT,122.28571428571429,1681924324880872.2,3.3421674693714154
NUMERICAL RESULT,132.57142857142858,1681924324880872.2,2.1414679398129577
NUMERICAL RESULT,142.85714285714286,1681924324880872.2,1.4461445706697384
NUMERICAL RESULT,153.14285714285717,1681924324880872.2,1.0202832582913102
NUMERICAL RESULT,163.42857142857144,1681924324880872.2,0.7466615143908006
NUMERICAL RESULT,173.71428571428572,1681924324880872.2,0.5635168534048773
NUMERICAL RESULT,184.0,1681924324880872.2,0.4365594328179734
NUMERICAL RESULT,194.2857142857143,1681924324880872.2,0.3458528205821265
NUMERICAL RESULT,204.57142857142858,1681924324880872.2,0.2793259250539748
NUMERICAL RESULT,214.85714285714286,1681924324880872.2,0.22940428794013812
NUMERICAL RESULT,225.14285714285717,1681924324880872.2,0.19118277920833204
NUMERICAL RESULT,235.42857142857144,1681924324880872.2,0.1613948064258297
NUMERICAL RESULT,245.71428571428572,1681924324880872.2,0.13781007664952494
NUMERICAL RESULT,256.0,1681924324880872.2,0.11887149205294101
NUMERICAL RESULT,266.28571428571433,1681924324880872.2,0.10346991802938632
NUMERICAL RESULT,276.57142857142856,1681924324880872.2,0.09080086802635279
NUMERICAL RESULT,286.8571428571429,1681924324880872.2,0.0802711586640692
NUMERICAL RESULT,297.14285714285717,1681924324880872.2,0.07143681796777379
NUMERICAL RESULT,307.42857142857144,1681924324880872.2,0.06396098201590927
NUMERICAL RESULT,317.7142857142857,1681924324880872.2,0.0575848319435357
NUMERICAL RESULT,328.0,1681924324880872.2,0.05210721166972743
NUMERICAL RESULT,338.28571428571433,1681924324880872.2,0.04737010695516908
NUMERICAL RESULT,348.5714285714286,1681924324880872.2,0.043248174884436
NUMERICAL RESULT,358.8571428571429,1681924324880872.2,0.03964106877625273
NUMERICAL RESULT,369.14285714285717,1681924324880872.2,0.03646777852122085
NUMERICAL RESULT,379.42857142857144,1681924324880872.2,0.03366237697179919
NUMERICAL RESULT,389.7142857142857,1681924324880872.2,0.031170819668657757
NUMERICAL RESULT,400.0,1681924324880872.2,0.028948480011292688
NUMERICAL RESULT,40.0,2438354098268826.5,4379.846449735213
NUMERICAL RESULT,50.285714285714285,2438354098268826.5,915.9355153551714
NUMERICAL RESULT,60.57142857142857,2438354098268826.5,297.0281279557513
NUMERICAL RESULT,70.85714285714286,2438354098268826.5,119.50413362463993
NUMERICAL RESULT,81.14285714285714,2438354098268826.5,53.96154417913264
NUMERICAL RESULT,91.42857142857143,2438354098268826.5,26.392215029405698
NUMERICAL RESULT,101.71428571428572,2438354098268826.5,13.902190334424901
NUMERICAL RESULT,112.0,2438354098268826.5,7.878951620824304
NUMERICAL RESULT,122.28571428571429,2438354098268826.5,4.778993604277626
NUMERICAL RESULT,132.57142857142858,2438354098268826.5,3.076504681977066
NUMERICAL RESULT,142.85714285714286,2438354098268826.5,2.0835027235290626
NUMERICAL RESULT,153.14285714285717,2438354098268826.5,1.4725901464439195
NUMERICAL RESULT,163.42857142857144,2438354098268826.5,1.0789321271315488
NUMERICAL RESULT,173.71428571428572,2438354098268826.5,0.814933177938193
NUMERICAL RESULT,184.0,2438354098268826.5,0.6316830710634935
NUMERICAL RESULT,194.2857142857143,2438354098268826.5,0.5006336942832146
NUMERICAL RESULT,204.57142857142858,2438354098268826.5,0.4044522325321598
NUMERICAL RESULT,214.85714285714286,2438354098268826.5,0.33224099520787753
NUMERICAL RESULT,225.14285714285717,2438354098268826.5,0.27693244221698166
NUMERICAL RESULT,235.42857142857144,2438354098268826.5,0.23381472475425547
NUMERICAL RESULT,245.71428571428572,2438354098268826.5,0.19966806885689525
NUMERICAL RESULT,256.0,2438354098268826.5,0.17224307598402433
NUMERICAL RESULT,266.28571428571433,2438354098268826.5,0.14993663909115273
NUMERICAL RESULT,276.57142857142856,2438354098268826.5,0.13158549354643778
NUMERICAL RESULT,286.8571428571429,2438354098268826.5,0.11633162034845324
NUMERICAL RESULT,297.14285714285717,2438354098268826.5,0.10353264508384807
NUMERICAL RESULT,307.42857142857144,2438354098268826.5,0.09270105442205079
NUMERICAL RESULT,317.7142857142857,2438354098268826.5,0.08346221034640777
NUMERICAL RESULT,328.0,2438354098268826.5,0.07552489026860787
NUMERICAL RESULT,338.28571428571433,2438354098268826.5,0.06866030222070219
NUMERICAL RESULT,348.5714285714286,2438354098268826.5,0.0626869304678479
NUMERICAL RESULT,358.8571428571429,2438354098268826.5,0.05745945112991535
NUMERICAL RESULT,369.14285714285717,2438354098268826.5,0.05286052791519946
NUMERICAL RESULT,379.42857142857144,2438354098268826.5,0.048794671502361275
NUMERICAL RESULT,389.7142857142857,2438354098268826.5,0.045183595646469676
NUMERICAL RESULT,400.0,2438354098268826.5,0.041962668271566805
NUMERICAL RESULT,40.0,3534981105030109.5,5283.666748464487
NUMERICAL RESULT,50.285714285714285,3534981105030109.5,1112.5583375491542
NUMERICAL RESULT,60.57142857142857,3534981105030109.5,366.49628190214673
NUMERICAL RESULT,70.85714285714286,3534981105030109.5,151.32142173275292
NUMERICAL RESULT,81.14285714285714,3534981105030109.5,70.60253457907746
NUMERICAL RESULT,91.42857142857143,3534981105030109.5,35.651882814898904
NUMERICAL RESULT,101.71428571428572,3534981105030109.5,19.251493204992354
NUMERICAL RESULT,112.0,3534981105030109.5,11.09257442035545
NUMERICAL RESULT,122.28571428571429,3534981105030109.5,6.7976643392463565
NUMERICAL RESULT,132.57142857142858,3534981105030109.5,4.403629969595424
NUMERICAL RESULT,142.85714285714286,3534981105030109.5,2.9939561654156677
NUMERICAL RESULT,153.14285714285717,3534981105030109.5,2.1213874185465498
NUMERICAL RESULT,163.42857142857144,3534981105030109.5,1.5568623847683316
NUMERICAL RESULT,173.71428571428572,3534981105030109.5,1.1772469143877196
NUMERICAL RESULT,184.0,3534981105030109.5,0.9132471088394878
NUMERICAL RESULT,194.2857142857143,3534981105030109.5,0.7241968915866481
NUMERICAL RESULT,204.57142857142858,3534981105030109.5,0.5853106476934489
NUMERICAL RESULT,214.85714285714286,3534981105030109.5,0.4809611579754236
NUMERICAL RESULT,225.14285714285717,3534981105030109.5,0.4009925240420875
NUMERICAL RESULT,235.42857142857144,3534981105030109.5,0.33862327519991187
NUMERICAL RESULT,245.71428571428572,3534981105030109.5,0.2892137792469329
NUMERICAL RESULT,256.0,3534981105030109.5,0.24951962171388953
NUMERICAL RESULT,266.28571428571433,3534981105030109.5,0.21722683587892533
NUMERICAL RESULT,276.57142857142856,3534981105030109.5,0.1906553128708799
NUMERICAL RESULT,286.8571428571429,3534981105030109.5,0.1685651983599712
NUMERICAL RESULT,297.14285714285717,3534981105030109.5,0.15002788196802896
NUMERICAL RESULT,307.42857142857144,3534981105030109.5,0.13433837531353632
NUMERICAL RESULT,317.7142857142857,3534981105030109.5,0.12095476642846048
NUMERICAL RESULT,328.0,3534981105030109.5,0.10945570269531579
NUMERICAL RESULT,338.28571428571433,3534981105030109.5,0.09951009125468424
NUMERICAL RESULT,348.5714285714286,3534981105030109.5,0.09085520838842953
NUMERICAL RESULT,358.8571428571429,3534981105030109.5,0.08328068379614972
NUMERICAL RESULT,369.14285714285717,3534981105030109.5,0.07661663621105763
NUMERICAL RESULT,379.42857142857144,3534981105030109.5,0.07072480571219675
NUMERICAL RESULT,389.7142857142857,3534981105030109.5,0.06549182922293006
NUMERICAL RESULT,400.0,3534981105030109.5,0.06082411613430594
NUMERICAL RESULT,40.0,5124805876960926.0,6371.934496205252
NUMERICAL RESULT,50.285714285714285,5124805876960926.0,1349.38664045572
NUMERICAL RESULT,60.57142857142857,5124805876960926.0,450.3667137124727
NUMERICAL RESULT,70.85714285714286,5124805876960926.0,190.07551687837844
NUMERICAL RESULT,81.14285714285714,5124805876960926.0,91.29057142945716
NUMERICAL RESULT,91.42857142857143,5124805876960926.0,47.52821454522069
NUMERICAL RESULT,101.71428571428572,5124805876960926.0,26.344613156467922
NUMERICAL RESULT,112.0,5124805876960926.0,15.472452885252185
NUMERICAL RESULT,122.28571428571429,5124805876960926.0,9.603221137771211
NUMERICAL RESULT,132.57142857142858,5124805876960926.0,6.272250222754794
NUMERICAL RESULT,142.85714285714286,5124805876960926.0,4.28688900910672
NUMERICAL RESULT,153.14285714285717,5124805876960926.0,3.04796564540879
NUMERICAL RESULT,163.42857142857144,5124805876960926.0,2.2420279456019987
NUMERICAL RESULT,173.71428571428572,5124805876960926.0,1.6980371446637
NUMERICAL RESULT,184.0,5124805876960926.0,1.3187262210691442
NUMERICAL RESULT,194.2857142857143,5124805876960926.0,1.0465871387440373
NUMERICAL RESULT,204.57142857142858,5124805876960926.0,0.8463813423243982
NUMERICAL RESULT,214.85714285714286,5124805876960926.0,0.6958037918809445
NUMERICAL RESULT,225.14285714285717,5124805876960926.0,0.5803162572172393
NUMERICAL RESULT,235.42857142857144,5124805876960926.0,0.4901893809732272
NUMERICAL RESULT,245.71428571428572,5124805876960926.0,0.41875522915200136
NUMERICAL RESULT,256.0,5124805876960926.0,0.36134472839755016
NUMERICAL RESULT,266.28571428571433,5124805876960926.0,0.31462424182953086
NUMERICAL RESULT,276.57142857142856,5124805876960926.0,0.27617120841183507
NUMERICAL RESULT,286.8571428571429,5124805876960926.0,0.24419661132446535
NUMERICAL RESULT,297.14285714285717,5124805876960926.0,0.21735975238466043
NUMERICAL RESULT,307.42857142857144,5124805876960926.0,0.1946423008440945
NUMERICAL RESULT,317.7142857142857,5124805876960926.0,0.17526116512036616
NUMERICAL RESULT,328.0,5124805876960926.0,0.15860725872178794
NUMERICAL RESULT,338.28571428571433,5124805876960926.0,0.14420182969616668
NUMERICAL RESULT,348.5714285714286,5124805876960926.0,0.13166488964055922
NUMERICAL RESULT,358.8571428571429,5124805876960926.0,0.12069210668577135
NUMERICAL RESULT,369.14285714285717,5124805876960926.0,0.11103767698674716
NUMERICAL RESULT,379.42857142857144,5124805876960926.0,0.10250151195159152
NUMERICAL RESULT,389.7142857142857,5124805876960926.0,0.09491954021001447
NUMERICAL RESULT,400.0,5124805876960926.0,0.08815628744105464
NUMERICAL RESULT,40.0,7429639507594950.0,7682.285049287561
NUMERICAL RESULT,50.285714285714285,7429639507594950.0,1634.6117242010419
NUMERICAL RESULT,60.57142857142857,7429639507594950.0,551.5421789554023
NUMERICAL RESULT,70.85714285714286,7429639507594950.0,237.11856434099795
NUMERICAL RESULT,81.14285714285714,7429639507594950.0,116.78890621665828
NUMERICAL RESULT,91.42857142857143,7429639507594950.0,62.5435493425863
NUMERICAL RESULT,101.71428571428572,7429639507594950.0,35.59144855020098
NUMERICAL RESULT,112.0,7429639507594950.0,21.347084704994934
NUMERICAL RESULT,122.28571428571429,7429639507594950.0,13.451185225501504
NUMERICAL RESULT,132.57142857142858,7429639507594950.0,8.87639810178149
NUMERICAL RESULT,142.85714285714286,7429639507594950.0,6.1086591746314145
NUMERICAL RESULT,153.14285714285717,7429639507594950.0,4.363385187910995
NUMERICAL RESULT,163.42857142857144,7429639507594950.0,3.219788205509855
NUMERICAL RESULT,173.71428571428572,7429639507594950.0,2.4439427434367555
NUMERICAL RESULT,184.0,7429639507594950.0,1.9009971065945486
NUMERICAL RESULT,194.2857142857143,7429639507594950.0,1.510428199804581
NUMERICAL RESULT,204.57142857142858,7429639507594950.0,1.2225348736276898
NUMERICAL RESULT,214.85714285714286,7429639507594950.0,1.0056872220610913
NUMERICAL RESULT,225.14285714285717,7429639507594950.0,0.8391849412539454
NUMERICAL RESULT,235.42857142857144,7429639507594950.0,0.7091315325517211
NUMERICAL RESULT,245.71428571428572,7429639507594950.0,0.6059800017662598
NUMERICAL RESULT,256.0,7429639507594950.0,0.5230324686576138
NUMERICAL RESULT,266.28571428571433,7429639507594950.0,0.4554994604185181
NUMERICAL RESULT,276.57142857142856,7429639507594950.0,0.39989615188893435
NUMERICAL RESULT,286.8571428571429,7429639507594950.0,0.3536464664449346
NUMERICAL RESULT,297.14285714285717,7429639507594950.0,0.31481827114216987
NUMERICAL RESULT,307.42857142857144,7429639507594950.0,0.2819429896725678
NUMERICAL RESULT,317.7142857142857,7429639507594950.0,0.25389063502823106
NUMERICAL RESULT,328.0,7429639507594950.0,0.2297818704837029
NUMERICAL RESULT,338.28571428571433,7429639507594950.0,0.20892523452338274
NUMERICAL RESULT,348.5714285714286,7429639507594950.0,0.19077170742540783
NUMERICAL RESULT,358.8571428571429,7429639507594950.0,0.17488144050239463
NUMERICAL RESULT,369.14285714285717,7429639507594950.0,0.1608990840274993
NUMERICAL RESULT,379.42857142857144,7429639507594950.0,0.14853530779075363
NUMERICAL RESULT,389.7142857142857,7429639507594950.0,0.13755281007559184
NUMERICAL RESULT,400.0,7429639507594950.0,0.12775562148157338
NUMERICAL RESULT,40.0,1.0771050560367668e+16,9260.034535910743
NUMERICAL RESULT,50.285714285714285,1.0771050560367668e+16,1978.0991470620204
NUMERICAL RESULT,60.57142857142857,1.0771050560367668e+16,673.5238252039147
NUMERICAL RESULT,70.85714285714286,1.0771050560367668e+16,294.08529895637133
NUMERICAL RESULT,81.14285714285714,1.0771050560367668e+16,148.0108571655173
NUMERICAL RESULT,91.42857142857143,1.0771050560367668e+16,81.29979179627185
NUMERICAL RESULT,101.71428571428572,1.0771050560367668e+16,47.45309322957007
NUMERICAL RESULT,112.0,1.0771050560367668e+16,29.09408406786602
NUMERICAL RESULT,122.28571428571429,1.0771050560367668e+16,18.648739351974818
NUMERICAL RESULT,132.57142857142858,1.0771050560367668e+16,12.459884859023562
NUMERICAL RESULT,142.85714285714286,1.0771050560367668e+16,8.649801604468976
NUMERICAL RESULT,153.14285714285717,1.0771050560367668e+16,6.216081178877331
NUMERICAL RESULT,163.42857142857144,1.0771050560367668e+16,4.606425131833314
NUMERICAL RESULT,173.71428571428572,1.0771050560367668e+16,3.507007439915122
NUMERICAL RESULT,184.0,1.0771050560367668e+16,2.733837806203332
NUMERICAL RESULT,194.2857142857143,1.0771050560367668e+16,2.1756409379690256
NUMERICAL RESULT,204.57142857142858,1.0771050560367668e+16,1.763071083497736
NUMERICAL RESULT,214.85714285714286,1.0771050560367668e+16,1.4516737993576667
NUMERICAL RESULT,225.14285714285717,1.0771050560367668e+16,1.212193083231683
NUMERICAL RESULT,235.42857142857144,1.0771050560367668e+16,1.0249038875247196
NUMERICAL RESULT,245.71428571428572,1.0771050560367668e+16,0.876209061399913
NUMERICAL RESULT,256.0,1.0771050560367668e+16,0.7565436409702198
NUMERICAL RESULT,266.28571428571433,1.0771050560367668e+16,0.6590532267722882
NUMERICAL RESULT,276.57142857142856,1.0771050560367668e+16,0.5787418409449518
NUMERICAL RESULT,286.8571428571429,1.0771050560367668e+16,0.5119110243916536
NUMERICAL RESULT,297.14285714285717,1.0771050560367668e+16,0.45578353802466776
NUMERICAL RESULT,307.42857142857144,1.0771050560367668e+16,0.4082463637526734
NUMERICAL RESULT,317.7142857142857,1.0771050560367668e+16,0.36767229665166656
NUMERICAL RESULT,328.0,1.0771050560367668e+16,0.3327941779390109
NUMERICAL RESULT,338.28571428571433,1.0771050560367668e+16,0.30261497988908204
NUMERICAL RESULT,348.5714285714286,1.0771050560367668e+16,0.27634265333975616
NUMERICAL RESULT,358.8571428571429,1.0771050560367668e+16,0.25334235873879507
NUMERICAL RESULT,369.14285714285717,1.0771050560367668e+16,0.23310101493074775
NUMERICAL RESULT,379.42857142857144,1.0771050560367668e+16,0.2152007202179007
NUMERICAL RESULT,389.7142857142857,1.0771050560367668e+16,0.19929861852567843
NUMERICAL RESULT,400.0,1.0771050560367668e+16,0.18511150494571194
NUMERICAL RESULT,40.0,1.5615230060005028e+16,11159.747359980169
NUMERICAL RESULT,50.285714285714285,1.5615230060005028e+16,2391.730202770823
NUMERICAL RESULT,60.57142857142857,1.5615230060005028e+16,820.5327258293254
NUMERICAL RESULT,70.85714285714286,1.5615230060005028e+16,362.95150001935417
NUMERICAL RESULT,81.14285714285714,1.5615230060005028e+16,186.05674099467913
NUMERICAL RESULT,91.42857142857143,1.5615230060005028e+16,104.50351439719579
NUMERICAL RESULT,101.71428571428572,1.5615230060005028e+16,62.45207196466116
NUMERICAL RESULT,112.0,1.5615230060005028e+16,39.13978632444473
NUMERICAL RESULT,122.28571428571429,1.5615230060005028e+16,25.553191598598435
NUMERICAL RESULT,132.57142857142858,1.5615230060005028e+16,17.318294890989748
NUMERICAL RESULT,142.85714285714286,1.5615230060005028e+16,12.15040416019888
NUMERICAL RESULT,153.14285714285717,1.5615230060005028e+16,8.799031120108914
NUMERICAL RESULT,163.42857142857144,1.5615230060005028e+16,6.556776574052381
NUMERICAL RESULT,173.71428571428572,1.5615230060005028e+16,5.0120186779678555
NUMERICAL RESULT,184.0,1.5615230060005028e+16,3.91863152629619
NUMERICAL RESULT,194.2857142857143,1.5615230060005028e+16,3.125410604165224
NUMERICAL RESULT,204.57142857142858,1.5615230060005028e+16,2.536965766427479
NUMERICAL RESULT,214.85714285714286,1.5615230060005028e+16,2.091561227973493
NUMERICAL RESULT,225.14285714285717,1.5615230060005028e+16,1.748264683100298
NUMERICAL RESULT,235.42857142857144,1.5615230060005028e+16,1.479316937636188
NUMERICAL RESULT,245.71428571428572,1.5615230060005028e+16,1.2654937960651313
NUMERICAL RESULT,256.0,1.5615230060005028e+16,1.0932217020532597
NUMERICAL RESULT,266.28571428571433,1.5615230060005028e+16,0.9527444619880088
NUMERICAL RESULT,276.57142857142856,1.5615230060005028e+16,0.8369336473628364
NUMERICAL RESULT,286.8571428571429,1.5615230060005028e+16,0.7405015448935348
NUMERICAL RESULT,297.14285714285717,1.5615230060005028e+16,0.6594708609861222
NUMERICAL RESULT,307.42857142857144,1.5615230060005028e+16,0.5908112905385066
NUMERICAL RESULT,317.7142857142857,1.5615230060005028e+16,0.5321864811672183
NUMERICAL RESULT,328.0,1.5615230060005028e+16,0.48177519957135484
NUMERICAL RESULT,338.28571428571433,1.5615230060005028e+16,0.4381432220805115
NUMERICAL RESULT,348.5714285714286,1.5615230060005028e+16,0.40015034679794503
NUMERICAL RESULT,358.8571428571429,1.5615230060005028e+16,0.3668820902132497
NUMERICAL RESULT,369.14285714285717,1.5615230060005028e+16,0.337598947057427
NUMERICAL RESULT,379.42857142857144,1.5615230060005028e+16,0.3116982984578298
NUMERICAL RESULT,389.7142857142857,1.5615230060005028e+16,0.2886855284883971
NUMERICAL RESULT,400.0,1.5615230060005028e+16,0.2681519201813032
NUMERICAL RESULT,40.0,2.263803409521451e+16,13447.123710613638
NUMERICAL RESULT,50.285714285714285,2.263803409521451e+16,2889.813236635525
NUMERICAL RESULT,60.57142857142857,2.263803409521451e+16,997.6563186186579
NUMERICAL RESULT,70.85714285714286,2.263803409521451e+16,446.1036728007135
NUMERICAL RESULT,81.14285714285714,2.263803409521451e+16,232.25611172820976
NUMERICAL RESULT,91.42857142857143,2.263803409521451e+16,132.99638764317177
NUMERICAL RESULT,101.71428571428572,2.263803409521451e+16,81.19062017603046
NUMERICAL RESULT,112.0,2.263803409521451e+16,51.964369243140055
NUMERICAL RESULT,122.28571428571429,2.263803409521451e+16,34.57044054830267
NUMERICAL RESULT,132.57142857142858,2.263803409521451e+16,23.797951522429518
NUMERICAL RESULT,142.85714285714286,2.263803409521451e+16,16.90239541765155
NUMERICAL RESULT,153.14285714285717,2.263803409521451e+16,12.355031077563062
NUMERICAL RESULT,163.42857142857144,2.263803409521451e+16,9.271236841827646
NUMERICAL RESULT,173.71428571428572,2.263803409521451e+16,7.124128832803023
NUMERICAL RESULT,184.0,2.263803409521451e+16,5.591906743668251
NUMERICAL RESULT,194.2857142857143,2.263803409521451e+16,4.473276828725847
NUMERICAL RESULT,204.57142857142858,2.263803409521451e+16,3.6393546162657886
NUMERICAL RESULT,214.85714285714286,2.263803409521451e+16,3.0057244428187246
NUMERICAL RESULT,225.14285714285717,2.263803409521451e+16,2.5158778572077933
NUMERICAL RESULT,235.42857142857144,2.263803409521451e+16,2.1311966672700855
NUMERICAL RESULT,245.71428571428572,2.263803409521451e+16,1.824770348048066
NUMERICAL RESULT,256.0,2.263803409521451e+16,1.577502726475899
NUMERICAL RESULT,266.28571428571433,2.263803409521451e+16,1.3756118001930995
NUMERICAL RESULT,276.57142857142856,2.263803409521451e+16,1.2089936714460237
NUMERICAL RESULT,286.8571428571429,2.263803409521451e+16,1.0701325232881587
NUMERICAL RESULT,297.14285714285717,2.263803409521451e+16,0.9533619243708324
NUMERICAL RESULT,307.42857142857144,2.263803409521451e+16,0.8543561312868375
NUMERICAL RESULT,317.7142857142857,2.263803409521451e+16,0.7697744467324963
NUMERICAL RESULT,328.0,2.263803409521451e+16,0.6970090367954374
NUMERICAL RESULT,338.28571428571433,2.263803409521451e+16,0.6340037198523163
NUMERICAL RESULT,348.5714285714286,2.263803409521451e+16,0.5791221147849912
NUMERICAL RESULT,358.8571428571429,2.263803409521451e+16,0.5310505847377245
NUMERICAL RESULT,369.14285714285717,2.263803409521451e+16,0.48872599298388497
NUMERICAL RESULT,379.42857142857144,2.263803409521451e+16,0.45128139029519954
NUMERICAL RESULT,389.7142857142857,2.263803409521451e+16,0.4180047599660952
NUMERICAL RESULT,400.0,2.263803409521451e+16,0.3883074210813353
NUMERICAL RESULT,40.0,3.2819278725114708e+16,16201.2724392463
NUMERICAL RESULT,50.285714285714285,3.2819278725114708e+16,3489.5790891603333
NUMERICAL RESULT,60.57142857142857,3.2819278725114708e+16,1211.0248991444328
NUMERICAL RESULT,70.85714285714286,3.2819278725114708e+16,546.4226269129304
NUMERICAL RESULT,81.14285714285714,3.2819278725114708e+16,288.2168226860306
NUMERICAL RESULT,91.42857142857143,3.2819278725114708e+16,167.79018071369526
NUMERICAL RESULT,101.71428571428572,3.2819278725114708e+16,104.3758773199782
NUMERICAL RESULT,112.0,3.2819278725114708e+16,68.11482704447107
NUMERICAL RESULT,122.28571428571429,3.2819278725114708e+16,46.157407913787615
NUMERICAL RESULT,132.57142857142858,3.2819278725114708e+16,32.29410315050465
NUMERICAL RESULT,142.85714285714286,3.2819278725114708e+16,23.24873644021035
NUMERICAL RESULT,153.14285714285717,3.2819278725114708e+16,17.178856719674297
NUMERICAL RESULT,163.42857142857144,3.2819278725114708e+16,13.000653150158058
NUMERICAL RESULT,173.71428571428572,3.2819278725114708e+16,10.05551844143282
NUMERICAL RESULT,184.0,3.2819278725114708e+16,7.932836551242195
NUMERICAL RESULT,194.2857142857143,3.2819278725114708e+16,6.370806451320932
NUMERICAL RESULT,204.57142857142858,3.2819278725114708e+16,5.198977559750473
NUMERICAL RESULT,214.85714285714286,3.2819278725114708e+16,4.304118853326178
NUMERICAL RESULT,225.14285714285717,3.2819278725114708e+16,3.6095352455870477
NUMERICAL RESULT,235.42857142857144,3.2819278725114708e+16,3.062301280514279
NUMERICAL RESULT,245.71428571428572,3.2819278725114708e+16,2.6252404335279644
NUMERICAL RESULT,256.0,3.2819278725114708e+16,2.271796968128448
NUMERICAL RESULT,266.28571428571433,3.2819278725114708e+16,1.982700240976265
NUMERICAL RESULT,276.57142857142856,3.2819278725114708e+16,1.7437581596126073
NUMERICAL RESULT,286.8571428571429,3.2819278725114708e+16,1.5443736671575614
NUMERICAL RESULT,297.14285714285717,3.2819278725114708e+16,1.3765316645387937
NUMERICAL RESULT,307.42857142857144,3.2819278725114708e+16,1.2340968228088167
NUMERICAL RESULT,317.7142857142857,3.2819278725114708e+16,1.1123199752876678
NUMERICAL RESULT,328.0,3.2819278725114708e+16,1.007486450344719
NUMERICAL RESULT,338.28571428571433,3.2819278725114708e+16,0.916662356645026
NUMERICAL RESULT,348.5714285714286,3.2819278725114708e+16,0.837509345029952
NUMERICAL RESULT,358.8571428571429,3.2819278725114708e+16,0.7681478349043092
NUMERICAL RESULT,369.14285714285717,3.2819278725114708e+16,0.707054953485442
NUMERICAL RESULT,379.42857142857144,3.2819278725114708e+16,0.6529876124485856
NUMERICAL RESULT,389.7142857142857,3.2819278725114708e+16,0.6049239888708646
NUMERICAL RESULT,400.0,3.2819278725114708e+16,0.5620185958346902
NUMERICAL RESULT,40.0,4.757944314009434e+16,19517.448029233172
NUMERICAL RESULT,50.285714285714285,4.757944314009434e+16,4211.777889301929
NUMERICAL RESULT,60.57142857142857,4.757944314009434e+16,1468.0243634909507
NUMERICAL RESULT,70.85714285714286,4.757944314009434e+16,667.3840535485623
NUMERICAL RESULT,81.14285714285714,4.757944314009434e+16,355.8829003322991
NUMERICAL RESULT,91.42857142857143,4.757944314009434e+16,210.10668453070562
NUMERICAL RESULT,101.71428571428572,4.757944314009434e+16,132.85047568962037
NUMERICAL RESULT,112.0,4.757944314009434e+16,88.22580540468972
NUMERICAL RESULT,122.28571428571429,4.757944314009434e+16,60.83164536919157
NUMERICAL RESULT,132.57142857142858,4.757944314009434e+16,43.25217445599048
NUMERICAL RESULT,142.85714285714286,4.757944314009434e+16,31.581606320409495
NUMERICAL RESULT,153.14285714285717,4.757944314009434e+16,23.616393305551142
NUMERICAL RESULT,163.42857142857144,4.757944314009434e+16,18.048020886573557
NUMERICAL RESULT,173.71428571428572,4.757944314009434e+16,14.069635771628208
NUMERICAL RESULT,184.0,4.757944314009434e+16,11.169334077483995
NUMERICAL RESULT,194.2857142857143,4.757944314009434e+16,9.014774869271491
NUMERICAL RESULT,204.57142857142858,4.757944314009434e+16,7.385825520392975
NUMERICAL RESULT,214.85714285714286,4.757944314009434e+16,6.133963667086162
NUMERICAL RESULT,225.14285714285717,4.757944314009434e+16,5.157217087218391
NUMERICAL RESULT,235.42857142857144,4.757944314009434e+16,4.384394523340274
NUMERICAL RESULT,245.71428571428572,4.757944314009434e+16,3.7649932682291
NUMERICAL RESULT,256.0,4.757944314009434e+16,3.2626366284120634
NUMERICAL RESULT,266.28571428571433,4.757944314009434e+16,2.850740883746483
NUMERICAL RESULT,276.57142857142856,4.757944314009434e+16,2.509611404232892
NUMERICAL RESULT,286.8571428571429,4.757944314009434e+16,2.2244681574980607
NUMERICAL RESULT,297.14285714285717,4.757944314009434e+16,1.9840841982462276
NUMERICAL RESULT,307.42857142857144,4.757944314009434e+16,1.7798340667412482
NUMERICAL RESULT,317.7142857142857,4.757944314009434e+16,1.6050200126780156
NUMERICAL RESULT,328.0,4.757944314009434e+16,1.4543889902868923
NUMERICAL RESULT,338.28571428571433,4.757944314009434e+16,1.3237823060414433
NUMERICAL RESULT,348.5714285714286,4.757944314009434e+16,1.209878624258831
NUMERICAL RESULT,358.8571428571429,4.757944314009434e+16,1.1100034405371773
NUMERICAL RESULT,369.14285714285717,4.757944314009434e+16,1.0219864010231339
NUMERICAL RESULT,379.42857142857144,4.757944314009434e+16,0.9440534276169865
NUMERICAL RESULT,389.7142857142857,4.757944314009434e+16,0.8747444226455015
NUMERICAL RESULT,400.0,4.757944314009434e+16,0.8128499310125159
NUMERICAL RESULT,40.0,6.897785379387672e+16,23510.346487612067
NUMERICAL RESULT,50.285714285714285,6.897785379387672e+16,5081.397968726117
NUMERICAL RESULT,60.57142857142857,6.897785379387672e+16,1777.5526694431865
NUMERICAL RESULT,70.85714285714286,6.897785379387672e+16,813.1797623558008
NUMERICAL RESULT,81.14285714285714,6.897785379387672e+16,437.6035737954579
NUMERICAL RESULT,91.42857142857143,6.897785379387672e+16,261.4238106846775
NUMERICAL RESULT,101.71428571428572,6.897785379387672e+16,167.62778683375674
NUMERICAL RESULT,112.0,6.897785379387672e+16,113.04689214339638
NUMERICAL RESULT,122.28571428571429,6.897785379387672e+16,79.18910285420353
NUMERICAL RESULT,132.57142857142858,6.897785379387672e+16,57.175656047511666
NUMERICAL RESULT,142.85714285714286,6.897785379387672e+16,42.3433674578082
NUMERICAL RESULT,153.14285714285717,6.897785379387672e+16,32.06293475193092
NUMERICAL RESULT,163.42857142857144,6.897785379387672e+16,24.767354846574907
NUMERICAL RESULT,173.71428571428572,6.897785379387672e+16,19.482166215742836
NUMERICAL RESULT,184.0,6.897785379387672e+16,15.581358773425613
NUMERICAL RESULT,194.2857142857143,6.897785379387672e+16,12.652403646288125
NUMERICAL RESULT,204.57142857142858,6.897785379387672e+16,10.417714257536037
NUMERICAL RESULT,214.85714285714286,6.897785379387672e+16,8.687095723430138
NUMERICAL RESULT,225.14285714285717,6.897785379387672e+16,7.328078131635629
NUMERICAL RESULT,235.42857142857144,6.897785379387672e+16,6.246975205191352
NUMERICAL RESULT,245.71428571428572,6.897785379387672e+16,5.376563159824133
NUMERICAL RESULT,256.0,6.897785379387672e+16,4.6679364070619345
NUMERICAL RESULT,266.28571428571433,6.897785379387672e+16,4.085045345154059
NUMERICAL RESULT,276.57142857142856,6.897785379387672e+16,3.6009826222823893
NUMERICAL RESULT,286.8571428571429,6.897785379387672e+16,3.195424984967654
NUMERICAL RESULT,297.14285714285717,6.897785379387672e+16,2.8528487973256134
NUMERICAL RESULT,307.42857142857144,6.897785379387672e+16,2.561270017122741
NUMERICAL RESULT,317.7142857142857,6.897785379387672e+16,2.311343989975634
NUMERICAL RESULT,328.0,6.897785379387672e+16,2.0957150173510186
NUMERICAL RESULT,338.28571428571433,6.897785379387672e+16,1.908541269233055
NUMERICAL RESULT,348.5714285714286,6.897785379387672e+16,1.7451441683465907
NUMERICAL RESULT,358.8571428571429,6.897785379387672e+16,1.601747047969737
NUMERICAL RESULT,369.14285714285717,6.897785379387672e+16,1.4752785131546542
NUMERICAL RESULT,379.42857142857144,6.897785379387672e+16,1.3632231387525007
NUMERICAL RESULT,389.7142857142857,6.897785379387672e+16,1.2635071489118577
NUMERICAL RESULT,400.0,6.897785379387672e+16,1.1744101424634668
NUMERICAL RESULT,40.0,1e+17,28318.074396455024
NUMERICAL RESULT,50.285714285714285,1e+17,6128.531944166712
NUMERICAL RESULT,60.57142857142857,1e+17,2150.329035497348
NUMERICAL RESULT,70.85714285714286,1e+17,988.8639482309114
NUMERICAL RESULT,81.14285714285714,1e+17,536.2161684583757
NUMERICAL RESULT,91.42857142857143,1e+17,323.5297159031044
NUMERICAL RESULT,101.71428571428572,1e+17,209.93220858554545
NUMERICAL RESULT,112.0,1e+17,143.47503819511388
NUMERICAL RESULT,122.28571428571429,1e+17,101.92909302338977
NUMERICAL RESULT,132.57142857142858,1e+17,74.64219240080013
NUMERICAL RESULT,142.85714285714286,1e+17,56.03399327290428
NUMERICAL RESULT,153.14285714285717,1e+17,42.96449160175661
NUMERICAL RESULT,163.42857142857144,1e+17,33.56226196396388
NUMERICAL RESULT,173.71428571428572,1e+17,26.659599847238603
NUMERICAL RESULT,184.0,1e+17,21.50101171330143
NUMERICAL RESULT,194.2857142857143,1e+17,17.583494258485622
NUMERICAL RESULT,204.57142857142858,1e+17,14.564345196036289
NUMERICAL RESULT,214.85714285714286,1e+17,12.20556805576094
NUMERICAL RESULT,225.14285714285717,1e+17,10.339130709337653
NUMERICAL RESULT,235.42857142857144,1e+17,8.844633364652843
NUMERICAL RESULT,245.71428571428572,1e+17,7.634627354634849
NUMERICAL RESULT,256.0,1e+17,6.644785249221075
NUMERICAL RESULT,266.28571428571433,1e+17,5.8272162357086765
NUMERICAL RESULT,276.57142857142856,1e+17,5.145857610921789
NUMERICAL RESULT,286.8571428571429,1e+17,4.573257519239626
NUMERICAL RESULT,297.14285714285717,1e+17,4.088302413633715
NUMERICAL RESULT,307.42857142857144,1e+17,3.6745938251787846
NUMERICAL RESULT,317.7142857142857,1e+17,3.3192764850121126
NUMERICAL RESULT,328.0,1e+17,3.0121835610775083
NUMERICAL RESULT,338.28571428571433,1e+17,2.745207024839491
NUMERICAL RESULT,348.5714285714286,1e+17,2.5118294215598524
NUMERICAL RESULT,358.8571428571429,1e+17,2.3067725003426354
NUMERICAL RESULT,369.14285714285717,1e+17,2.1257312109399296
NUMERICAL RESULT,379.42857142857144,1e+17,1.9651706430474203
NUMERICAL RESULT,389.7142857142857,1e+17,1.8221697695778971
NUMERICAL RESULT,400.0,1e+17,1.6943002693848186
