result_type,reduced_fermi_energy,boltzmann_density_error_percent
NUMERICAL RESULT,-10.0,0.0016051160078189852
NUMERICAL RESULT,-9.94142259414226,0.0017019470451185015
NUMERICAL RESULT,-9.882845188284518,0.0018046195035203993
NUMERICAL RESULT,-9.824267782426778,0.001913485764970524
NUMERICAL RESULT,-9.765690376569038,0.0020289194681666345
NUMERICAL RESULT,-9.707112970711297,0.002151316789844593
NUMERICAL RESULT,-9.648535564853557,0.00228109780515684
NUMERICAL RESULT,-9.589958158995817,0.0024187079289417213
NUMERICAL RESULT,-9.531380753138075,0.0025646194435013925
NUMERICAL RESULT,-9.472803347280335,0.002719333119327594
NUMERICAL RESULT,-9.414225941422593,0.0028833799339933464
NUMERICAL RESULT,-9.355648535564853,0.0030573228930741436
NUMERICAL RESULT,-9.297071129707113,0.0032417589625355347
NUMERICAL RESULT,-9.238493723849372,0.0034373211166283113
NUMERICAL RESULT,-9.179916317991632,0.003644680509173881
NUMERICAL RESULT,-9.121338912133892,0.003864548777099408
NUMERICAL RESULT,-9.06276150627615,0.004097680481018884
NUMERICAL RESULT,-9.00418410041841,0.004344875693984562
NUMERICAL RESULT,-8.94560669456067,0.004606982746646615
NUMERICAL RESULT,-8.887029288702928,0.0048849011369256345
NUMERICAL RESULT,-8.828451882845188,0.005179584615722099
NUMERICAL RESULT,-8.769874476987448,0.0054920444583883565
NUMERICAL RESULT,-8.711297071129707,0.005823352933043147
NUMERICAL RESULT,-8.652719665271967,0.0061746469798062975
NUMERICAL RESULT,-8.594142259414227,0.006547132108125631
NUMERICAL RESULT,-8.535564853556485,0.006942086533223701
NUMERICAL RESULT,-8.476987447698745,0.007360865558236895
NUMERICAL RESULT,-8.418410041841003,0.007804906222741437
NUMERICAL RESULT,-8.359832635983263,0.00827573223021183
NUMERICAL RESULT,-8.301255230125523,0.008774959172774821
NUMERICAL RESULT,-8.242677824267783,0.009304300070800409
NUMERICAL RESULT,-8.184100418410042,0.009865571245382121
NUMERICAL RESULT,-8.125523012552302,0.010460698545822211
NUMERICAL RESULT,-8.06694560669456,0.01109172395130642
NUMERICAL RESULT,-8.00836820083682,0.011760812570238421
NUMERICAL RESULT,-7.94979079497908,0.012470260060926108
NUMERICAL RESULT,-7.891213389121338,0.013222500499909806
NUMERICAL RESULT,-7.832635983263598,0.014020114722845811
NUMERICAL RESULT,-7.774058577405858,0.014865839167899075
NUMERICAL RESULT,-7.715481171548117,0.015762575251709876
NUMERICAL RESULT,-7.656903765690377,0.016713399309020716
NUMERICAL RESULT,-7.598326359832636,0.017721573130868862
NUMERICAL RESULT,-7.539748953974895,0.018790555136005693
NUMERICAL RESULT,-7.481171548117155,0.019924012215288833
NUMERICAL RESULT,-7.422594142259414,0.021125832287083313
NUMERICAL RESULT,-7.364016736401673,0.02240013760901327
NUMERICAL RESULT,-7.305439330543933,0.02375129888860794
NUMERICAL RESULT,-7.2468619246861925,0.02518395024266873
NUMERICAL RESULT,-7.188284518828452,0.026703005055561668
NUMERICAL RESULT,-7.129707112970712,0.02831367278970376
NUMERICAL RESULT,-7.071129707112971,0.0300214768060858
NUMERICAL RESULT,-7.01255230125523,0.03183227325438409
NUMERICAL RESULT,-6.95397489539749,0.033752271097275965
NUMERICAL RESULT,-6.895397489539748,0.035788053335772396
NUMERICAL RESULT,-6.836820083682008,0.037946599508509316
NUMERICAL RESULT,-6.778242677824268,0.04023530953951582
NUMERICAL RESULT,-6.719665271966527,0.0426620290158608
NUMERICAL RESULT,-6.661087866108787,0.045235075979754846
NUMERICAL RESULT,-6.602510460251046,0.04796326932561268
NUMERICAL RESULT,-6.543933054393305,0.050855958896667275
NUMERICAL RESULT,-6.485355648535565,0.053923057383475914
NUMERICAL RESULT,-6.426778242677824,0.05717507412965617
NUMERICAL RESULT,-6.368200836820083,0.06062315095862747
NUMERICAL RESULT,-6.309623430962343,0.06427910014166205
NUMERICAL RESULT,-6.2510460251046025,0.06815544463190104
NUMERICAL RESULT,-6.192468619246862,0.07226546070064899
NUMERICAL RESULT,-6.133891213389122,0.07662322311587921
NUMERICAL RESULT,-6.075313807531381,0.08124365301283021
NUMERICAL RESULT,-6.01673640167364,0.08614256861609881
NUMERICAL RESULT,-5.958158995815899,0.09133673897958605
NUMERICAL RESULT,-5.899581589958159,0.09684394092195348
NUMERICAL RESULT,-5.841004184100418,0.10268301934373003
NUMERICAL RESULT,-5.7824267782426775,0.10887395112464393
NUMERICAL RESULT,-5.7238493723849375,0.11543791280934634
NUMERICAL RESULT,-5.665271966527197,0.12239735230170634
NUMERICAL RESULT,-5.606694560669456,0.12977606480106818
NUMERICAL RESULT,-5.548117154811716,0.13759927322563037
NUMERICAL RESULT,-5.489539748953975,0.1458937133816951
NUMERICAL RESULT,-5.430962343096234,0.1546877241534128
NUMERICAL RESULT,-5.372384937238493,0.1640113430004142
NUMERICAL RESULT,-5.313807531380753,0.17389640706750864
NUMERICAL RESULT,-5.2552301255230125,0.1843766602269481
NUMERICAL RESULT,-5.196652719665272,0.1954878663910975
NUMERICAL RESULT,-5.138075313807532,0.20726792944971706
NUMERICAL RESULT,-5.079497907949791,0.21975702020746724
NUMERICAL RESULT,-5.02092050209205,0.23299771071429998
NUMERICAL RESULT,-4.96234309623431,0.24703511640207232
NUMERICAL RESULT,-4.903765690376569,0.2619170464640108
NUMERICAL RESULT,-4.845188284518828,0.277694162931863
NUMERICAL RESULT,-4.7866108786610875,0.2944201489315734
NUMERICAL RESULT,-4.7280334728033475,0.3121518866214368
NUMERICAL RESULT,-4.669456066945607,0.33094964533744164
NUMERICAL RESULT,-4.610878661087866,0.35087728050167133
NUMERICAL RESULT,-4.552301255230126,0.37200244387014525
NUMERICAL RESULT,-4.493723849372385,0.39439680572670444
NUMERICAL RESULT,-4.435146443514644,0.41813628965339245
NUMERICAL RESULT,-4.376569037656903,0.44330132053977955
NUMERICAL RESULT,-4.317991631799163,0.46997708651779213
NUMERICAL RESULT,-4.2594142259414225,0.49825381554056136
NUMERICAL RESULT,-4.200836820083682,0.5282270673512279
NUMERICAL RESULT,-4.142259414225942,0.5599980416169936
NUMERICAL RESULT,-4.083682008368201,0.5936739030341531
NUMERICAL RESULT,-4.02510460251046,0.6293681242377058
NUMERICAL RESULT,-3.96652719665272,0.6672008473787239
NUMERICAL RESULT,-3.907949790794979,0.7072992652608301
NUMERICAL RESULT,-3.8493723849372383,0.7497980229545176
NUMERICAL RESULT,-3.7907949790794975,0.7948396408349989
NUMERICAL RESULT,-3.7322175732217575,0.8425749600136756
NUMERICAL RESULT,-3.6736401673640167,0.893163611157255
NUMERICAL RESULT,-3.615062761506276,0.946774507709347
NUMERICAL RESULT,-3.556485355648536,1.0035863645484477
NUMERICAL RESULT,-3.497907949790795,1.0637882431317358
NUMERICAL RESULT,-3.439330543933054,1.1275801241861672
NUMERICAL RESULT,-3.380753138075314,1.1951735090177218
NUMERICAL RESULT,-3.3221757322175733,1.2667920505109231
NUMERICAL RESULT,-3.2635983263598325,1.3426722148925263
NUMERICAL RESULT,-3.2050209205020916,1.423063975322858
NUMERICAL RESULT,-3.1464435146443517,1.5082315383664335
NUMERICAL RESULT,-3.087866108786611,1.5984541043719602
NUMERICAL RESULT,-3.02928870292887,1.694026662762771
NUMERICAL RESULT,-2.97071129707113,1.7952608232020495
NUMERICAL RESULT,-2.912133891213389,1.9024856835499815
NUMERICAL RESULT,-2.8535564853556483,2.016048735474407
NUMERICAL RESULT,-2.7949790794979084,2.136316808509209
NUMERICAL RESULT,-2.7364016736401675,2.2636770532771466
NUMERICAL RESULT,-2.6778242677824267,2.398537964504799
NUMERICAL RESULT,-2.619246861924686,2.5413304443564932
NUMERICAL RESULT,-2.560669456066946,2.6925089065010344
NUMERICAL RESULT,-2.502092050209205,2.8525524212030806
NUMERICAL RESULT,-2.443514644351464,3.021965901589052
NUMERICAL RESULT,-2.384937238493724,3.201281331100092
NUMERICAL RESULT,-2.3263598326359833,3.3910590319821354
NUMERICAL RESULT,-2.2677824267782425,3.591888974496271
NUMERICAL RESULT,-2.2092050209205016,3.804392126368228
NUMERICAL RESULT,-2.1506276150627617,4.029221841812691
NUMERICAL RESULT,-2.092050209205021,4.267065289294014
NUMERICAL RESULT,-2.03347280334728,4.518644917007375
NUMERICAL RESULT,-1.97489539748954,4.784719954893624
NUMERICAL RESULT,-1.9163179916317983,5.066087951841536
NUMERICAL RESULT,-1.8577405857740583,5.36358634658578
NUMERICAL RESULT,-1.7991631799163184,5.678094070686868
NUMERICAL RESULT,-1.7405857740585766,6.010533181882849
NUMERICAL RESULT,-1.6820083682008367,6.361870526045066
NUMERICAL RESULT,-1.6234309623430967,6.733119425952783
NUMERICAL RESULT,-1.564853556485355,7.125341395136142
NUMERICAL RESULT,-1.506276150627615,7.539647875131483
NUMERICAL RESULT,-1.447698744769875,7.977201994656058
NUMERICAL RESULT,-1.3891213389121333,8.439220349445865
NUMERICAL RESULT,-1.3305439330543933,8.92697480182363
NUMERICAL RESULT,-1.2719665271966534,9.441794299478069
NUMERICAL RESULT,-1.2133891213389116,9.985066713443569
NUMERICAL RESULT,-1.1548117154811717,10.558240695885935
NUMERICAL RESULT,-1.0962343096234317,11.162827559013877
NUMERICAL RESULT,-1.03765690376569,11.800403177262918
NUMERICAL RESULT,-0.97907949790795,12.472609915825661
NUMERICAL RESULT,-0.92050209205021,13.181158589633867
NUMERICAL RESULT,-0.8619246861924683,13.92783045802275
NUMERICAL RESULT,-0.8033472803347284,14.714479261516477
NUMERICAL RESULT,-0.7447698744769866,15.543033308460586
NUMERICAL RESULT,-0.6861924686192467,16.41549762056258
NUMERICAL RESULT,-0.6276150627615067,17.333956147786168
NUMERICAL RESULT,-0.569037656903765,18.300574064440013
NUMERICAL RESULT,-0.510460251046025,19.317600159701385
NUMERICAL RESULT,-0.45188284518828503,20.387369337181195
NUMERICAL RESULT,-0.3933054393305433,21.512305239460616
NUMERICAL RESULT,-0.33472803347280333,22.69492301477245
NUMERICAL RESULT,-0.27615062761506337,23.93783224415369
NUMERICAL RESULT,-0.21757322175732163,25.243740048427487
NUMERICAL RESULT,-0.15899581589958167,26.61545439527537
NUMERICAL RESULT,-0.10041841004184171,28.0558876274138
NUMERICAL RESULT,-0.04184100418409997,29.568060233483994
NUMERICAL RESULT,0.01673640167363999,31.155104883702567
NUMERICAL RESULT,0.07531380753137995,32.8202707525945
NUMERICAL RESULT,0.1338912133891217,34.566928151250245
NUMERICAL RESULT,0.19246861924686165,36.398573491528865
NUMERICAL RESULT,0.2510460251046034,38.3188346044822
NUMERICAL RESULT,0.30962343096234335,40.33147643501751
NUMERICAL RESULT,0.3682008368200833,42.44040713448918
NUMERICAL RESULT,0.42677824267782505,44.64968457251557
NUMERICAL RESULT,0.485355648535565,46.963523288913464
NUMERICAL RESULT,0.543933054393305,49.386301906236206
NUMERICAL RESULT,0.6025104602510467,51.92257102303692
NUMERICAL RESULT,0.6610878661087867,54.57706160768239
NUMERICAL RESULT,0.7196652719665266,57.35469391234267
NUMERICAL RESULT,0.7782426778242684,60.260586926700064
NUMERICAL RESULT,0.8368200836820083,63.30006839098572
NUMERICAL RESULT,0.8953974895397483,66.47868538818129
NUMERICAL RESULT,0.95397489539749,69.80221553562392
NUMERICAL RESULT,1.01255230125523,73.27667879684961
NUMERICAL RESULT,1.07112970711297,76.90834993529943
NUMERICAL RESULT,1.1297071129707117,80.70377163250197
NUMERICAL RESULT,1.1882845188284517,84.6697682945417
NUMERICAL RESULT,1.2468619246861934,88.81346057201259
NUMERICAL RESULT,1.3054393305439334,93.14228062024192
NUMERICAL RESULT,1.3640167364016733,97.66398812835378
NUMERICAL RESULT,1.422594142259415,102.38668714769328
NUMERICAL RESULT,1.481171548117155,107.31884375227474
NUMERICAL RESULT,1.539748953974895,112.469304566218
NUMERICAL RESULT,1.5983263598326367,117.84731619559965
NUMERICAL RESULT,1.6569037656903767,123.46254560476085
NUMERICAL RESULT,1.7154811715481166,129.32510147988165
NUMERICAL RESULT,1.7740585774058584,135.44555662552943
NUMERICAL RESULT,1.8326359832635983,141.8349714429395
NUMERICAL RESULT,1.8912133891213383,148.5049185419654
NUMERICAL RESULT,1.94979079497908,155.4675085419519
NUMERICAL RESULT,2.00836820083682,162.73541712024016
NUMERICAL RESULT,2.06694560669456,170.32191337061658
NUMERICAL RESULT,2.1255230125523017,178.2408895377467
NUMERICAL RESULT,2.1841004184100417,186.50689219753684
NUMERICAL RESULT,2.2426778242677816,195.13515495741865
NUMERICAL RESULT,2.3012552301255234,204.14163275475636
NUMERICAL RESULT,2.3598326359832633,213.54303783598715
NUMERICAL RESULT,2.418410041841005,223.3568775036778
NUMERICAL RESULT,2.476987447698745,233.60149372346405
NUMERICAL RESULT,2.535564853556485,244.29610468784287
NUMERICAL RESULT,2.5941422594142267,255.46084843900167
NUMERICAL RESULT,2.6527196652719667,267.116828658342
NUMERICAL RESULT,2.7112970711297066,279.2861627360848
NUMERICAL RESULT,2.7698744769874484,291.99203224033636
NUMERICAL RESULT,2.8284518828451883,305.2587359112966
NUMERICAL RESULT,2.8870292887029283,319.11174531290385
NUMERICAL RESULT,2.94560669456067,333.5777632811361
NUMERICAL RESULT,3.00418410041841,348.68478531549886
NUMERICAL RESULT,3.06276150627615,364.4621640678838
NUMERICAL RESULT,3.1213389121338917,380.94067709104536
NUMERICAL RESULT,3.1799163179916317,398.1525980174311
NUMERICAL RESULT,3.2384937238493716,416.1317713480235
NUMERICAL RESULT,3.2970711297071134,434.9136910402349
NUMERICAL RESULT,3.3556485355648533,454.5355830938064
NUMERICAL RESULT,3.414225941422595,475.03649234406214
NUMERICAL RESULT,3.472803347280335,496.4573736828355
NUMERICAL RESULT,3.531380753138075,518.8411879389479
NUMERICAL RESULT,3.5899581589958167,542.2330026622761
NUMERICAL RESULT,3.6485355648535567,566.6800980682569
NUMERICAL RESULT,3.7071129707112966,592.2320784132074
NUMERICAL RESULT,3.7656903765690384,618.9409890850252
NUMERICAL RESULT,3.8242677824267783,646.8614397088533
NUMERICAL RESULT,3.8828451882845183,676.0507335830783
NUMERICAL RESULT,3.94142259414226,706.5690037776578
NUMERICAL RESULT,4.0,738.4793562443216
